<ImportExportXml version="9.2.22033.156" SolutionPackageVersion="9.2" languagecode="1033" generatedBy="CrmLive" xmlns:xsi="http://www.w3.org/2001/XMLSchema-instance">
  <SolutionManifest>
    <UniqueName>ParoleKiosk</UniqueName>
    <LocalizedNames>
      <LocalizedName description="Parole Kiosk" languagecode="1033" />
    </LocalizedNames>
    <Descriptions />
    <Version>1.0.0.3</Version>
    <Managed>0</Managed>
    <Publisher>
      <UniqueName>docparolekiosk</UniqueName>
      <LocalizedNames>
        <LocalizedName description="DOC Parole Kiosk Publisher" languagecode="1033" />
      </LocalizedNames>
      <Descriptions />
      <EMailAddress xsi:nil="true"></EMailAddress>
      <SupportingWebsiteUrl xsi:nil="true"></SupportingWebsiteUrl>
      <CustomizationPrefix>kiosk</CustomizationPrefix>
      <CustomizationOptionValuePrefix>67385</CustomizationOptionValuePrefix>
      <Addresses>
        <Address>
          <AddressNumber>1</AddressNumber>
          <AddressTypeCode>1</AddressTypeCode>
          <City xsi:nil="true"></City>
          <County xsi:nil="true"></County>
          <Country xsi:nil="true"></Country>
          <Fax xsi:nil="true"></Fax>
          <FreightTermsCode xsi:nil="true"></FreightTermsCode>
          <ImportSequenceNumber xsi:nil="true"></ImportSequenceNumber>
          <Latitude xsi:nil="true"></Latitude>
          <Line1 xsi:nil="true"></Line1>
          <Line2 xsi:nil="true"></Line2>
          <Line3 xsi:nil="true"></Line3>
          <Longitude xsi:nil="true"></Longitude>
          <Name xsi:nil="true"></Name>
          <PostalCode xsi:nil="true"></PostalCode>
          <PostOfficeBox xsi:nil="true"></PostOfficeBox>
          <PrimaryContactName xsi:nil="true"></PrimaryContactName>
          <ShippingMethodCode>1</ShippingMethodCode>
          <StateOrProvince xsi:nil="true"></StateOrProvince>
          <Telephone1 xsi:nil="true"></Telephone1>
          <Telephone2 xsi:nil="true"></Telephone2>
          <Telephone3 xsi:nil="true"></Telephone3>
          <TimeZoneRuleVersionNumber xsi:nil="true"></TimeZoneRuleVersionNumber>
          <UPSZone xsi:nil="true"></UPSZone>
          <UTCOffset xsi:nil="true"></UTCOffset>
          <UTCConversionTimeZoneCode xsi:nil="true"></UTCConversionTimeZoneCode>
        </Address>
        <Address>
          <AddressNumber>2</AddressNumber>
          <AddressTypeCode>1</AddressTypeCode>
          <City xsi:nil="true"></City>
          <County xsi:nil="true"></County>
          <Country xsi:nil="true"></Country>
          <Fax xsi:nil="true"></Fax>
          <FreightTermsCode xsi:nil="true"></FreightTermsCode>
          <ImportSequenceNumber xsi:nil="true"></ImportSequenceNumber>
          <Latitude xsi:nil="true"></Latitude>
          <Line1 xsi:nil="true"></Line1>
          <Line2 xsi:nil="true"></Line2>
          <Line3 xsi:nil="true"></Line3>
          <Longitude xsi:nil="true"></Longitude>
          <Name xsi:nil="true"></Name>
          <PostalCode xsi:nil="true"></PostalCode>
          <PostOfficeBox xsi:nil="true"></PostOfficeBox>
          <PrimaryContactName xsi:nil="true"></PrimaryContactName>
          <ShippingMethodCode>1</ShippingMethodCode>
          <StateOrProvince xsi:nil="true"></StateOrProvince>
          <Telephone1 xsi:nil="true"></Telephone1>
          <Telephone2 xsi:nil="true"></Telephone2>
          <Telephone3 xsi:nil="true"></Telephone3>
          <TimeZoneRuleVersionNumber xsi:nil="true"></TimeZoneRuleVersionNumber>
          <UPSZone xsi:nil="true"></UPSZone>
          <UTCOffset xsi:nil="true"></UTCOffset>
          <UTCConversionTimeZoneCode xsi:nil="true"></UTCConversionTimeZoneCode>
        </Address>
      </Addresses>
    </Publisher>
    <RootComponents>
      <RootComponent type="1" schemaName="contact" behavior="0" />
      <RootComponent type="1" schemaName="kiosk_addressupdate" behavior="0" />
      <RootComponent type="1" schemaName="kiosk_appointment" behavior="0" />
      <RootComponent type="1" schemaName="kiosk_employmenthistory" behavior="0" />
      <RootComponent type="1" schemaName="kiosk_goal" behavior="0" />
      <RootComponent type="1" schemaName="kiosk_lawenforcementofficerassignment" behavior="0" />
      <RootComponent type="1" schemaName="kiosk_paidfee" behavior="0" />
      <RootComponent type="1" schemaName="kiosk_paroleecheckin" behavior="0" />
      <RootComponent type="1" schemaName="kiosk_successorobstacle" behavior="0" />
      <RootComponent type="1" schemaName="kiosk_treatmentprogram" behavior="0" />
      <RootComponent type="9" schemaName="kiosk_color" behavior="0" />
      <RootComponent type="9" schemaName="kiosk_ownershipstatus" behavior="0" />
      <RootComponent type="9" schemaName="kiosk_payformat" behavior="0" />
      <RootComponent type="9" schemaName="kiosk_relation" behavior="0" />
      <RootComponent type="9" schemaName="kiosk_treatmentprogramcategory" behavior="0" />
      <RootComponent type="9" schemaName="kiosk_vehiclemake" behavior="0" />
      <RootComponent type="29" id="{53ee2a2f-40c6-ec11-a7b6-000d3a3b4e9f}" behavior="0" />
      <RootComponent type="62" schemaName="kiosk_BasicDataManagement" behavior="0" />
      <RootComponent type="62" schemaName="kiosk_ParoleManagement" behavior="0" />
      <RootComponent type="80" schemaName="kiosk_BasicDataManagement" behavior="0" />
      <RootComponent type="80" schemaName="kiosk_ParoleManagement" behavior="0" />
      <RootComponent type="300" schemaName="kiosk_checkinkiosk_6b7b5" behavior="0" />
      <RootComponent type="300" schemaName="kiosk_paroleeembededcanvasapp_4750a" behavior="0" />
      <RootComponent type="431" schemaName="contact kiosk_portraitpicture" behavior="0" />
      <RootComponent type="431" schemaName="contact kiosk_profilepicture" behavior="0" />
    </RootComponents>
    <MissingDependencies>

    </MissingDependencies>
  </SolutionManifest>
</ImportExportXml>