<ImportExportXml version="9.2.22042.149" SolutionPackageVersion="9.2" languagecode="1033" generatedBy="CrmLive" xmlns:xsi="http://www.w3.org/2001/XMLSchema-instance">
  <SolutionManifest>
    <UniqueName>ResidentMailProcessing</UniqueName>
    <LocalizedNames>
      <LocalizedName description="Resident Mail Processing" languagecode="1033" />
    </LocalizedNames>
    <Descriptions />
    <Version>1.0.0.4</Version>
    <Managed>0</Managed>
    <Publisher>
      <UniqueName>Cr7e529</UniqueName>
      <LocalizedNames>
        <LocalizedName description="CDS Default Publisher" languagecode="1033" />
      </LocalizedNames>
      <Descriptions />
      <EMailAddress xsi:nil="true"></EMailAddress>
      <SupportingWebsiteUrl xsi:nil="true"></SupportingWebsiteUrl>
      <CustomizationPrefix>cr0d5</CustomizationPrefix>
      <CustomizationOptionValuePrefix>21589</CustomizationOptionValuePrefix>
      <Addresses>
        <Address>
          <AddressNumber>1</AddressNumber>
          <AddressTypeCode xsi:nil="true"></AddressTypeCode>
          <City xsi:nil="true"></City>
          <County xsi:nil="true"></County>
          <Country xsi:nil="true"></Country>
          <Fax xsi:nil="true"></Fax>
          <FreightTermsCode xsi:nil="true"></FreightTermsCode>
          <ImportSequenceNumber xsi:nil="true"></ImportSequenceNumber>
          <Latitude xsi:nil="true"></Latitude>
          <Line1 xsi:nil="true"></Line1>
          <Line2 xsi:nil="true"></Line2>
          <Line3 xsi:nil="true"></Line3>
          <Longitude xsi:nil="true"></Longitude>
          <Name xsi:nil="true"></Name>
          <PostalCode xsi:nil="true"></PostalCode>
          <PostOfficeBox xsi:nil="true"></PostOfficeBox>
          <PrimaryContactName xsi:nil="true"></PrimaryContactName>
          <ShippingMethodCode xsi:nil="true"></ShippingMethodCode>
          <StateOrProvince xsi:nil="true"></StateOrProvince>
          <Telephone1 xsi:nil="true"></Telephone1>
          <Telephone2 xsi:nil="true"></Telephone2>
          <Telephone3 xsi:nil="true"></Telephone3>
          <TimeZoneRuleVersionNumber xsi:nil="true"></TimeZoneRuleVersionNumber>
          <UPSZone xsi:nil="true"></UPSZone>
          <UTCOffset xsi:nil="true"></UTCOffset>
          <UTCConversionTimeZoneCode xsi:nil="true"></UTCConversionTimeZoneCode>
        </Address>
        <Address>
          <AddressNumber>2</AddressNumber>
          <AddressTypeCode xsi:nil="true"></AddressTypeCode>
          <City xsi:nil="true"></City>
          <County xsi:nil="true"></County>
          <Country xsi:nil="true"></Country>
          <Fax xsi:nil="true"></Fax>
          <FreightTermsCode xsi:nil="true"></FreightTermsCode>
          <ImportSequenceNumber xsi:nil="true"></ImportSequenceNumber>
          <Latitude xsi:nil="true"></Latitude>
          <Line1 xsi:nil="true"></Line1>
          <Line2 xsi:nil="true"></Line2>
          <Line3 xsi:nil="true"></Line3>
          <Longitude xsi:nil="true"></Longitude>
          <Name xsi:nil="true"></Name>
          <PostalCode xsi:nil="true"></PostalCode>
          <PostOfficeBox xsi:nil="true"></PostOfficeBox>
          <PrimaryContactName xsi:nil="true"></PrimaryContactName>
          <ShippingMethodCode xsi:nil="true"></ShippingMethodCode>
          <StateOrProvince xsi:nil="true"></StateOrProvince>
          <Telephone1 xsi:nil="true"></Telephone1>
          <Telephone2 xsi:nil="true"></Telephone2>
          <Telephone3 xsi:nil="true"></Telephone3>
          <TimeZoneRuleVersionNumber xsi:nil="true"></TimeZoneRuleVersionNumber>
          <UPSZone xsi:nil="true"></UPSZone>
          <UTCOffset xsi:nil="true"></UTCOffset>
          <UTCConversionTimeZoneCode xsi:nil="true"></UTCConversionTimeZoneCode>
        </Address>
      </Addresses>
    </Publisher>
    <RootComponents>
      <RootComponent type="1" schemaName="cr0d5_bodyimagery" behavior="0" />
      <RootComponent type="1" schemaName="cr0d5_disciplinaryaction" behavior="0" />
      <RootComponent type="1" schemaName="cr0d5_phraseflag" behavior="0" />
      <RootComponent type="1" schemaName="cr0d5_residentmail" behavior="0" />
      <RootComponent type="1" schemaName="cr0d5_residentmanagement" behavior="0" />
      <RootComponent type="1" schemaName="cr0d5_scannedmailpage" behavior="0" />
      <RootComponent type="9" schemaName="cr0d5_eyecolor" behavior="0" />
      <RootComponent type="9" schemaName="cr0d5_facility" behavior="0" />
      <RootComponent type="9" schemaName="cr0d5_flagtype" behavior="0" />
      <RootComponent type="9" schemaName="cr0d5_gender" behavior="0" />
      <RootComponent type="9" schemaName="cr0d5_race" behavior="0" />
      <RootComponent type="9" schemaName="cr0d5_residenttype" behavior="0" />
      <RootComponent type="29" id="{3a0ee2a8-c4f6-eb11-94ef-0022482319ef}" behavior="0" />
      <RootComponent type="29" id="{5507d19a-cdf6-eb11-94ef-0022482319ef}" behavior="0" />
      <RootComponent type="29" id="{a60b1a44-3242-ec11-8c62-000d3a5cd804}" behavior="0" />
      <RootComponent type="29" id="{ad4cfa5b-fbf5-eb11-94ef-0022482319ef}" behavior="0" />
      <RootComponent type="62" schemaName="cr0d5_ResidentMailManagement" behavior="0" />
      <RootComponent type="80" schemaName="cr0d5_ResidentMailManagement" behavior="0" />
      <RootComponent type="300" schemaName="cr0d5_officerbadgeverifier_aa674" behavior="0" />
      <RootComponent type="300" schemaName="cr0d5_residentbadgegeneration_dc07c" behavior="0" />
      <RootComponent type="300" schemaName="cr0d5_residentmailadmindashboard_cd365" behavior="0" />
      <RootComponent type="300" schemaName="cr0d5_residentmailscanning_d3f66" behavior="0" />
      <RootComponent type="300" schemaName="cr0d5_residentprocessing_46fcd" behavior="0" />
      <RootComponent type="431" schemaName="cr0d5_bodyimagery cr0d5_capturedimage" behavior="0" />
      <RootComponent type="431" schemaName="cr0d5_residentmanagement cr0d5_portraitimage" behavior="0" />
      <RootComponent type="431" schemaName="cr0d5_residentmanagement cr0d5_profileimage" behavior="0" />
      <RootComponent type="431" schemaName="cr0d5_scannedmailpage cr0d5_scanimage" behavior="0" />
      <RootComponent type="432" schemaName="cr0d5_bodyimagery" behavior="0" />
      <RootComponent type="432" schemaName="cr0d5_residentmanagement" behavior="0" />
      <RootComponent type="432" schemaName="cr0d5_scannedmailpage" behavior="0" />
    </RootComponents>
    <MissingDependencies>
      <MissingDependency>
        <Required type="61" schemaName="msdyn_/Images/AppModule_Default_Icon.png" displayName="msdyn_/Images/AppModule_Default_Icon.png" solution="AppModuleWebResources (2.5)" />
        <Dependent type="80" schemaName="cr0d5_ResidentMailManagement" displayName="Resident Mail Management" />
      </MissingDependency>
    </MissingDependencies>
  </SolutionManifest>
</ImportExportXml>