{
  "properties": {
    "connectionReferences": {
      "shared_commondataserviceforapps": {
        "runtimeSource": "embedded",
        "connection": {
          "connectionReferenceLogicalName": "cr4a8_sharedcommondataserviceforapps_368d9"
        },
        "api": {
          "name": "shared_commondataserviceforapps"
        }
      },
      "shared_office365": {
        "runtimeSource": "embedded",
        "connection": {
          "connectionReferenceLogicalName": "cr4a8_sharedoffice365_201e8"
        },
        "api": {
          "name": "shared_office365"
        }
      }
    },
    "definition": {
      "$schema": "https://schema.management.azure.com/providers/Microsoft.Logic/schemas/2016-06-01/workflowdefinition.json#",
      "contentVersion": "1.0.0.0",
      "parameters": {
        "$connections": {
          "defaultValue": {},
          "type": "Object"
        },
        "$authentication": {
          "defaultValue": {},
          "type": "SecureObject"
        }
      },
      "triggers": {
        "Trigger_when_new_data_enters_the_Employee_Access_Table": {
          "metadata": {
            "operationMetadataId": "f3aaf7d0-62b0-4dbf-9271-bdded7578c67"
          },
          "type": "OpenApiConnectionWebhook",
          "inputs": {
            "host": {
              "connectionName": "shared_commondataserviceforapps",
              "operationId": "SubscribeWebhookTrigger",
              "apiId": "/providers/Microsoft.PowerApps/apis/shared_commondataserviceforapps"
            },
            "parameters": {
              "subscriptionRequest/message": 1,
              "subscriptionRequest/entityname": "cr4a8_employeeaccess",
              "subscriptionRequest/scope": 4
            },
            "authentication": "@parameters('$authentication')"
          }
        }
      },
      "actions": {
        "Get_the_Access_Catalog": {
          "runAfter": {},
          "metadata": {
            "operationMetadataId": "6d84bef2-2811-4fd2-988c-ef1c61af593a"
          },
          "type": "OpenApiConnection",
          "inputs": {
            "host": {
              "connectionName": "shared_commondataserviceforapps",
              "operationId": "GetItem",
              "apiId": "/providers/Microsoft.PowerApps/apis/shared_commondataserviceforapps"
            },
            "parameters": {
              "entityName": "cr4a8_employeeaccesscatalogs",
              "recordId": "@triggerOutputs()?['body/_cr4a8_accesscatalogitem_value']"
            },
            "authentication": "@parameters('$authentication')"
          }
        },
        "Get_Access_Catalog_Admins": {
          "runAfter": {
            "Get_the_Access_Catalog": [
              "Succeeded"
            ]
          },
          "metadata": {
            "operationMetadataId": "2b104ed9-9948-4d75-b40c-2324978cf5a9"
          },
          "type": "OpenApiConnection",
          "inputs": {
            "host": {
              "connectionName": "shared_commondataserviceforapps",
              "operationId": "ListRecords",
              "apiId": "/providers/Microsoft.PowerApps/apis/shared_commondataserviceforapps"
            },
            "parameters": {
              "entityName": "cr4a8_employeeaccesscatalogadminses",
              "$filter": "_cr4a8_accesscatalog_value eq @{outputs('Get_the_Access_Catalog')?['body/cr4a8_employeeaccesscatalogid']}"
            },
            "authentication": "@parameters('$authentication')"
          }
        },
        "Apply_to_each": {
          "foreach": "@outputs('Get_Access_Catalog_Admins')?['body/value']",
          "actions": {
            "Get_a_row_by_ID": {
              "runAfter": {},
              "metadata": {
                "operationMetadataId": "c2f50167-a4f0-444a-afb8-e30218fca932"
              },
              "type": "OpenApiConnection",
              "inputs": {
                "host": {
                  "connectionName": "shared_commondataserviceforapps",
                  "operationId": "GetItem",
                  "apiId": "/providers/Microsoft.PowerApps/apis/shared_commondataserviceforapps"
                },
                "parameters": {
                  "entityName": "systemusers",
                  "recordId": "@items('Apply_to_each')?['_cr4a8_approvaluser_value']"
                },
                "authentication": "@parameters('$authentication')"
              }
            },
            "Add_a_new_row": {
              "runAfter": {
                "Get_a_row_by_ID": [
                  "Succeeded"
                ]
              },
              "metadata": {
                "operationMetadataId": "814e6d14-aa28-45f8-975c-2ed2643f9019"
              },
              "type": "OpenApiConnection",
              "inputs": {
                "host": {
                  "connectionName": "shared_commondataserviceforapps",
                  "operationId": "CreateRecord",
                  "apiId": "/providers/Microsoft.PowerApps/apis/shared_commondataserviceforapps"
                },
                "parameters": {
                  "entityName": "cr4a8_employeeaccessapprovalses",
                  "item/cr4a8_name": "Access Request for : @{triggerOutputs()?['body/cr4a8_employeefullname']}, Catalog Item: @{outputs('Get_the_Access_Catalog')?['body/cr4a8_name']} ",
                  "item/cr4a8_approvalstatus": 620250000,
                  "item/cr4a8_EmployeeAccessRequest@odata.bind": "/cr4a8_employeeaccesses/@{triggerOutputs()?['body/cr4a8_employeeaccessid']}",
                  "item/ownerid@odata.bind": "/systemusers/@{outputs('Get_a_row_by_ID')?['body/systemuserid']}"
                },
                "authentication": "@parameters('$authentication')"
              }
            },
            "Send_an_email_(V2)": {
              "runAfter": {
                "Add_a_new_row": [
                  "Succeeded"
                ]
              },
              "metadata": {
                "operationMetadataId": "0b386bce-093f-41e0-be38-1c91e174bee2"
              },
              "type": "OpenApiConnection",
              "inputs": {
                "host": {
                  "connectionName": "shared_office365",
                  "operationId": "SendEmailV2",
                  "apiId": "/providers/Microsoft.PowerApps/apis/shared_office365"
                },
                "parameters": {
                  "emailMessage/To": "@items('Apply_to_each')?['cr4a8_approvinguseremail']",
                  "emailMessage/Subject": "Onboarding Access Requested for : @{triggerOutputs()?['body/cr4a8_employeefullname']}, Access: @{outputs('Get_the_Access_Catalog')?['body/cr4a8_name']}",
                  "emailMessage/Body": "<p><strong>Requestor</strong>: @{triggerOutputs()?['body/cr4a8_requestfullname']}<br>\n<br>\n<strong>Employee</strong>: @{triggerOutputs()?['body/cr4a8_employeefullname']}<br>\n<br>\n<strong>Access Level</strong>: @{outputs('Get_the_Access_Catalog')?['body/cr4a8_name']}<br>\n<br>\n----------------------------------------------------------------<br>\n<br>\n@{outputs('Get_the_Access_Catalog')?['body/cr4a8_instructions']}<br>\n<br>\n----------------------------------------------------------------<br>\n<br>\nOnce you have completed the Steps above, please mark the item complete by accessing the Power App at https://apps.gov.powerapps.us/play/25554bd2-a68f-4459-a4ff-3162857430b5?tenantId=7b855912-a450-49df-86c5-d96921502352 . <br>\n<br>\n</p>",
                  "emailMessage/Importance": "Normal"
                },
                "authentication": "@parameters('$authentication')"
              }
            }
          },
          "runAfter": {
            "Get_Access_Catalog_Admins": [
              "Succeeded"
            ]
          },
          "metadata": {
            "operationMetadataId": "49336e66-60b8-40bf-8625-c7d184f5837e"
          },
          "type": "Foreach"
        }
      },
      "outputs": {}
    }
  },
  "schemaVersion": "1.0.0.0"
}