{
  "properties": {
    "connectionReferences": {
      "shared_commondataserviceforapps": {
        "runtimeSource": "embedded",
        "connection": {
          "connectionReferenceLogicalName": "cr4a8_sharedcommondataserviceforapps_368d9"
        },
        "api": {
          "name": "shared_commondataserviceforapps"
        }
      },
      "shared_office365": {
        "runtimeSource": "embedded",
        "connection": {
          "connectionReferenceLogicalName": "cr4a8_sharedoffice365_201e8"
        },
        "api": {
          "name": "shared_office365"
        }
      }
    },
    "definition": {
      "$schema": "https://schema.management.azure.com/providers/Microsoft.Logic/schemas/2016-06-01/workflowdefinition.json#",
      "contentVersion": "1.0.0.0",
      "parameters": {
        "$connections": {
          "defaultValue": {},
          "type": "Object"
        },
        "$authentication": {
          "defaultValue": {},
          "type": "SecureObject"
        }
      },
      "triggers": {
        "Trigger_when_Employee_Access_Table_gets_Offboarding_-_Requested": {
          "metadata": {
            "operationMetadataId": "cac99298-5792-48e6-8ddf-2ff55fc856ab"
          },
          "type": "OpenApiConnectionWebhook",
          "inputs": {
            "host": {
              "connectionName": "shared_commondataserviceforapps",
              "operationId": "SubscribeWebhookTrigger",
              "apiId": "/providers/Microsoft.PowerApps/apis/shared_commondataserviceforapps"
            },
            "parameters": {
              "subscriptionRequest/message": 3,
              "subscriptionRequest/entityname": "cr4a8_employeeaccess",
              "subscriptionRequest/scope": 4,
              "subscriptionRequest/filteringattributes": "cr4a8_accessstatus",
              "subscriptionRequest/filterexpression": "cr4a8_accessstatus eq 620250004"
            },
            "authentication": "@parameters('$authentication')"
          }
        }
      },
      "actions": {
        "Get_the_Access_Catalog": {
          "runAfter": {},
          "metadata": {
            "operationMetadataId": "afba62a9-3cfc-4912-811d-9a4ff11edbd5"
          },
          "type": "OpenApiConnection",
          "inputs": {
            "host": {
              "connectionName": "shared_commondataserviceforapps",
              "operationId": "GetItem",
              "apiId": "/providers/Microsoft.PowerApps/apis/shared_commondataserviceforapps"
            },
            "parameters": {
              "entityName": "cr4a8_employeeaccesscatalogs",
              "recordId": "@triggerOutputs()?['body/_cr4a8_accesscatalogitem_value']"
            },
            "authentication": "@parameters('$authentication')"
          }
        },
        "List_rows": {
          "runAfter": {
            "Get_the_Access_Catalog": [
              "Succeeded"
            ]
          },
          "metadata": {
            "operationMetadataId": "742c2e52-70e1-4b33-ac7d-34dc82075fe5"
          },
          "type": "OpenApiConnection",
          "inputs": {
            "host": {
              "connectionName": "shared_commondataserviceforapps",
              "operationId": "ListRecords",
              "apiId": "/providers/Microsoft.PowerApps/apis/shared_commondataserviceforapps"
            },
            "parameters": {
              "entityName": "cr4a8_employeeaccesscatalogadminses",
              "$filter": "_cr4a8_accesscatalog_value eq @{outputs('Get_the_Access_Catalog')?['body/cr4a8_employeeaccesscatalogid']}"
            },
            "authentication": "@parameters('$authentication')"
          }
        },
        "Apply_to_each": {
          "foreach": "@outputs('List_rows')?['body/value']",
          "actions": {
            "Get_Approval_User_Details": {
              "runAfter": {},
              "metadata": {
                "operationMetadataId": "ce958cb9-f348-4e6f-9925-a1e184f45475"
              },
              "type": "OpenApiConnection",
              "inputs": {
                "host": {
                  "connectionName": "shared_commondataserviceforapps",
                  "operationId": "GetItem",
                  "apiId": "/providers/Microsoft.PowerApps/apis/shared_commondataserviceforapps"
                },
                "parameters": {
                  "entityName": "systemusers",
                  "recordId": "@items('Apply_to_each')?['_cr4a8_approvaluser_value']"
                },
                "authentication": "@parameters('$authentication')"
              }
            },
            "Create_Offboarding_Approval_Records": {
              "runAfter": {
                "Get_Approval_User_Details": [
                  "Succeeded"
                ]
              },
              "metadata": {
                "operationMetadataId": "ee3793be-ff41-4b61-be91-ccdac0870cda"
              },
              "type": "OpenApiConnection",
              "inputs": {
                "host": {
                  "connectionName": "shared_commondataserviceforapps",
                  "operationId": "CreateRecord",
                  "apiId": "/providers/Microsoft.PowerApps/apis/shared_commondataserviceforapps"
                },
                "parameters": {
                  "entityName": "cr4a8_employeeaccessapprovalses",
                  "item/cr4a8_name": "Offboarding Request for: @{triggerOutputs()?['body/cr4a8_employeefullname']}, Catalog Item: @{outputs('Get_the_Access_Catalog')?['body/cr4a8_name']}",
                  "item/cr4a8_approvalstatus": 620250004,
                  "item/cr4a8_EmployeeAccessRequest@odata.bind": "/cr4a8_employeeaccesses/@{triggerOutputs()?['body/cr4a8_employeeaccessid']}",
                  "item/ownerid@odata.bind": "/systemusers/@{outputs('Get_Approval_User_Details')?['body/systemuserid']}"
                },
                "authentication": "@parameters('$authentication')"
              }
            },
            "Send_an_email_(V2)": {
              "runAfter": {
                "Create_Offboarding_Approval_Records": [
                  "Succeeded"
                ]
              },
              "metadata": {
                "operationMetadataId": "3279ec53-6d30-4920-9830-ded09b148708"
              },
              "type": "OpenApiConnection",
              "inputs": {
                "host": {
                  "connectionName": "shared_office365",
                  "operationId": "SendEmailV2",
                  "apiId": "/providers/Microsoft.PowerApps/apis/shared_office365"
                },
                "parameters": {
                  "emailMessage/To": "@items('Apply_to_each')?['cr4a8_approvinguseremail']",
                  "emailMessage/Subject": "Offboarding Request for : @{triggerOutputs()?['body/cr4a8_employeefullname']}, Access: @{outputs('Get_the_Access_Catalog')?['body/cr4a8_name']}",
                  "emailMessage/Body": "<p>Requestor: @{triggerOutputs()?['body/cr4a8_requestfullname']}<br>\n<br>\nEmployee: @{triggerOutputs()?['body/cr4a8_employeefullname']}<br>\n<br>\nAccess Level: @{outputs('Get_the_Access_Catalog')?['body/cr4a8_name']}<br>\n<br>\n----------------------------------------------------------------<br>\n<br>\n@{outputs('Get_the_Access_Catalog')?['body/cr4a8_offboardinginstructions']}<br>\n<br>\n----------------------------------------------------------------<br>\n<br>\nOnce you have completed the Steps above, please mark the item complete by accessing the Power App at https://apps.gov.powerapps.us/play/25554bd2-a68f-4459-a4ff-3162857430b5?tenantId=7b855912-a450-49df-86c5-d96921502352 .<br>\n<br>\n</p>"
                },
                "authentication": "@parameters('$authentication')"
              }
            }
          },
          "runAfter": {
            "List_rows": [
              "Succeeded"
            ]
          },
          "metadata": {
            "operationMetadataId": "b2d07866-5a40-4eee-8717-7e17ee5e4cc9"
          },
          "type": "Foreach"
        }
      },
      "outputs": {}
    }
  },
  "schemaVersion": "1.0.0.0"
}