{
  "properties": {
    "connectionReferences": {
      "shared_commondataserviceforapps": {
        "runtimeSource": "embedded",
        "connection": {
          "connectionReferenceLogicalName": "cr4a8_sharedcommondataserviceforapps_368d9"
        },
        "api": {
          "name": "shared_commondataserviceforapps"
        }
      }
    },
    "definition": {
      "$schema": "https://schema.management.azure.com/providers/Microsoft.Logic/schemas/2016-06-01/workflowdefinition.json#",
      "contentVersion": "1.0.0.0",
      "parameters": {
        "$connections": {
          "defaultValue": {},
          "type": "Object"
        },
        "$authentication": {
          "defaultValue": {},
          "type": "SecureObject"
        }
      },
      "triggers": {
        "When_Approvals_are_performed": {
          "metadata": {
            "operationMetadataId": "749664ff-6434-4bac-a24f-3cd58b890c08"
          },
          "type": "OpenApiConnectionWebhook",
          "inputs": {
            "host": {
              "connectionName": "shared_commondataserviceforapps",
              "operationId": "SubscribeWebhookTrigger",
              "apiId": "/providers/Microsoft.PowerApps/apis/shared_commondataserviceforapps"
            },
            "parameters": {
              "subscriptionRequest/message": 3,
              "subscriptionRequest/entityname": "cr4a8_employeeaccessapprovals",
              "subscriptionRequest/scope": 4
            },
            "authentication": "@parameters('$authentication')"
          }
        }
      },
      "actions": {
        "Onboarding_-_Rejected": {
          "actions": {
            "Finding_other_approvals_for_the_same_ask_Rejected": {
              "runAfter": {},
              "metadata": {
                "operationMetadataId": "216d5e11-5143-46b5-b468-dcdcc6a56368"
              },
              "type": "OpenApiConnection",
              "inputs": {
                "host": {
                  "connectionName": "shared_commondataserviceforapps",
                  "operationId": "ListRecords",
                  "apiId": "/providers/Microsoft.PowerApps/apis/shared_commondataserviceforapps"
                },
                "parameters": {
                  "entityName": "cr4a8_employeeaccessapprovalses",
                  "$filter": "_cr4a8_employeeaccessrequest_value eq @{triggerOutputs()?['body/_cr4a8_employeeaccessrequest_value']} and cr4a8_approvalstatus eq 620250000"
                },
                "authentication": "@parameters('$authentication')"
              }
            },
            "Apply_to_each": {
              "foreach": "@outputs('Finding_other_approvals_for_the_same_ask_Rejected')?['body/value']",
              "actions": {
                "Update_other_approvals_to_be_expired_rejected": {
                  "runAfter": {},
                  "metadata": {
                    "operationMetadataId": "2cb52096-6d67-4608-81f2-6750ce5919fa"
                  },
                  "type": "OpenApiConnection",
                  "inputs": {
                    "host": {
                      "connectionName": "shared_commondataserviceforapps",
                      "operationId": "UpdateRecord",
                      "apiId": "/providers/Microsoft.PowerApps/apis/shared_commondataserviceforapps"
                    },
                    "parameters": {
                      "entityName": "cr4a8_employeeaccessapprovalses",
                      "recordId": "@items('Apply_to_each')?['cr4a8_employeeaccessapprovalsid']",
                      "item/cr4a8_approvalcomments": "Onboarding Rejected by: @{outputs('Get_User_who_approved_or_rejected')?['body/fullname']}. This approval is Expired.",
                      "item/cr4a8_approvalstatus": 620250003
                    },
                    "authentication": "@parameters('$authentication')"
                  }
                }
              },
              "runAfter": {
                "Finding_other_approvals_for_the_same_ask_Rejected": [
                  "Succeeded"
                ]
              },
              "metadata": {
                "operationMetadataId": "59bd1c88-7f89-45e5-a3b8-b049e89e83ed"
              },
              "type": "Foreach"
            }
          },
          "runAfter": {
            "Get_User_who_approved_or_rejected": [
              "Succeeded"
            ]
          },
          "expression": {
            "equals": [
              "@triggerOutputs()?['body/cr4a8_approvalstatus']",
              620250002
            ]
          },
          "metadata": {
            "operationMetadataId": "65e4cbea-654c-482e-b533-c65308d1fc6e"
          },
          "type": "If"
        },
        "Onboarding_-_Approved": {
          "actions": {
            "Finding_other_approvals_for_the_same_ask_Approved": {
              "runAfter": {},
              "metadata": {
                "operationMetadataId": "216d5e11-5143-46b5-b468-dcdcc6a56368"
              },
              "type": "OpenApiConnection",
              "inputs": {
                "host": {
                  "connectionName": "shared_commondataserviceforapps",
                  "operationId": "ListRecords",
                  "apiId": "/providers/Microsoft.PowerApps/apis/shared_commondataserviceforapps"
                },
                "parameters": {
                  "entityName": "cr4a8_employeeaccessapprovalses",
                  "$filter": "_cr4a8_employeeaccessrequest_value eq @{triggerOutputs()?['body/_cr4a8_employeeaccessrequest_value']} and cr4a8_approvalstatus eq 620250000"
                },
                "authentication": "@parameters('$authentication')"
              }
            },
            "Apply_to_each_2": {
              "foreach": "@outputs('Finding_other_approvals_for_the_same_ask_Approved')?['body/value']",
              "actions": {
                "Update_other_approvals_to_be_expired_approved": {
                  "runAfter": {},
                  "metadata": {
                    "operationMetadataId": "2cb52096-6d67-4608-81f2-6750ce5919fa"
                  },
                  "type": "OpenApiConnection",
                  "inputs": {
                    "host": {
                      "connectionName": "shared_commondataserviceforapps",
                      "operationId": "UpdateRecord",
                      "apiId": "/providers/Microsoft.PowerApps/apis/shared_commondataserviceforapps"
                    },
                    "parameters": {
                      "entityName": "cr4a8_employeeaccessapprovalses",
                      "recordId": "@items('Apply_to_each_2')?['cr4a8_employeeaccessapprovalsid']",
                      "item/cr4a8_approvalcomments": "Onboarding Approved by: @{outputs('Get_User_who_approved_or_rejected')?['body/fullname']}. This approval is Expired.",
                      "item/cr4a8_approvalstatus": 620250003
                    },
                    "authentication": "@parameters('$authentication')"
                  }
                }
              },
              "runAfter": {
                "Finding_other_approvals_for_the_same_ask_Approved": [
                  "Succeeded"
                ]
              },
              "metadata": {
                "operationMetadataId": "59bd1c88-7f89-45e5-a3b8-b049e89e83ed"
              },
              "type": "Foreach"
            }
          },
          "runAfter": {
            "Get_User_who_approved_or_rejected": [
              "Succeeded"
            ]
          },
          "expression": {
            "equals": [
              "@triggerOutputs()?['body/cr4a8_approvalstatus']",
              620250001
            ]
          },
          "metadata": {
            "operationMetadataId": "1ad1bacf-aca7-4287-bf43-b15f1e57b418"
          },
          "type": "If"
        },
        "Offboarding_-_Rejected": {
          "actions": {
            "Finding_other_approvals_for_the_same_ask_Offboarding_Rejected": {
              "runAfter": {},
              "metadata": {
                "operationMetadataId": "216d5e11-5143-46b5-b468-dcdcc6a56368"
              },
              "type": "OpenApiConnection",
              "inputs": {
                "host": {
                  "connectionName": "shared_commondataserviceforapps",
                  "operationId": "ListRecords",
                  "apiId": "/providers/Microsoft.PowerApps/apis/shared_commondataserviceforapps"
                },
                "parameters": {
                  "entityName": "cr4a8_employeeaccessapprovalses",
                  "$filter": "_cr4a8_employeeaccessrequest_value eq @{triggerOutputs()?['body/_cr4a8_employeeaccessrequest_value']} and cr4a8_approvalstatus eq 620250004"
                },
                "authentication": "@parameters('$authentication')"
              }
            },
            "Apply_to_each_4": {
              "foreach": "@outputs('Finding_other_approvals_for_the_same_ask_Offboarding_Rejected')?['body/value']",
              "actions": {
                "Update_other_approvals_to_be_expired_for_offboarding_rejected": {
                  "runAfter": {},
                  "metadata": {
                    "operationMetadataId": "2cb52096-6d67-4608-81f2-6750ce5919fa"
                  },
                  "type": "OpenApiConnection",
                  "inputs": {
                    "host": {
                      "connectionName": "shared_commondataserviceforapps",
                      "operationId": "UpdateRecord",
                      "apiId": "/providers/Microsoft.PowerApps/apis/shared_commondataserviceforapps"
                    },
                    "parameters": {
                      "entityName": "cr4a8_employeeaccessapprovalses",
                      "recordId": "@items('Apply_to_each_4')?['cr4a8_employeeaccessapprovalsid']",
                      "item/cr4a8_approvalcomments": "Offboarding Rejected by: @{outputs('Get_User_who_approved_or_rejected')?['body/fullname']}. This approval is Expired.",
                      "item/cr4a8_approvalstatus": 620250003
                    },
                    "authentication": "@parameters('$authentication')"
                  }
                }
              },
              "runAfter": {
                "Finding_other_approvals_for_the_same_ask_Offboarding_Rejected": [
                  "Succeeded"
                ]
              },
              "metadata": {
                "operationMetadataId": "510c1c42-a43f-48aa-b5d9-9ea3576c4105"
              },
              "type": "Foreach"
            }
          },
          "runAfter": {
            "Get_User_who_approved_or_rejected": [
              "Succeeded"
            ]
          },
          "expression": {
            "equals": [
              "@triggerOutputs()?['body/cr4a8_approvalstatus']",
              620250006
            ]
          },
          "metadata": {
            "operationMetadataId": "a655e9fe-7e56-4592-a5ea-5c142d2f29c7"
          },
          "type": "If"
        },
        "Offboarding_-_Approved": {
          "actions": {
            "Finding_other_approvals_for_the_same_ask_Offboarding_Approved": {
              "runAfter": {},
              "metadata": {
                "operationMetadataId": "216d5e11-5143-46b5-b468-dcdcc6a56368"
              },
              "type": "OpenApiConnection",
              "inputs": {
                "host": {
                  "connectionName": "shared_commondataserviceforapps",
                  "operationId": "ListRecords",
                  "apiId": "/providers/Microsoft.PowerApps/apis/shared_commondataserviceforapps"
                },
                "parameters": {
                  "entityName": "cr4a8_employeeaccessapprovalses",
                  "$filter": "_cr4a8_employeeaccessrequest_value eq @{triggerOutputs()?['body/_cr4a8_employeeaccessrequest_value']} and cr4a8_approvalstatus eq 620250004"
                },
                "authentication": "@parameters('$authentication')"
              }
            },
            "Apply_to_each_3": {
              "foreach": "@outputs('Finding_other_approvals_for_the_same_ask_Offboarding_Approved')?['body/value']",
              "actions": {
                "Update_other_approvals_to_be_expired_for_offboarding": {
                  "runAfter": {},
                  "metadata": {
                    "operationMetadataId": "2cb52096-6d67-4608-81f2-6750ce5919fa"
                  },
                  "type": "OpenApiConnection",
                  "inputs": {
                    "host": {
                      "connectionName": "shared_commondataserviceforapps",
                      "operationId": "UpdateRecord",
                      "apiId": "/providers/Microsoft.PowerApps/apis/shared_commondataserviceforapps"
                    },
                    "parameters": {
                      "entityName": "cr4a8_employeeaccessapprovalses",
                      "recordId": "@items('Apply_to_each_3')?['cr4a8_employeeaccessapprovalsid']",
                      "item/cr4a8_approvalcomments": "Offboarding Approved by: @{outputs('Get_User_who_approved_or_rejected')?['body/fullname']}. This approval is Expired.",
                      "item/cr4a8_approvalstatus": 620250003
                    },
                    "authentication": "@parameters('$authentication')"
                  }
                }
              },
              "runAfter": {
                "Finding_other_approvals_for_the_same_ask_Offboarding_Approved": [
                  "Succeeded"
                ]
              },
              "metadata": {
                "operationMetadataId": "0bcd46b0-c209-4d98-9c99-00ad36ab2869"
              },
              "type": "Foreach"
            }
          },
          "runAfter": {
            "Get_User_who_approved_or_rejected": [
              "Succeeded"
            ]
          },
          "expression": {
            "equals": [
              "@triggerOutputs()?['body/cr4a8_approvalstatus']",
              620250005
            ]
          },
          "metadata": {
            "operationMetadataId": "4c8a5892-ac25-422b-ab52-01dfd0d5a4db"
          },
          "type": "If"
        },
        "Get_User_who_approved_or_rejected": {
          "runAfter": {},
          "metadata": {
            "operationMetadataId": "a58ebaa0-61cf-45f9-b95d-64c2aa277554"
          },
          "type": "OpenApiConnection",
          "inputs": {
            "host": {
              "connectionName": "shared_commondataserviceforapps",
              "operationId": "GetItem",
              "apiId": "/providers/Microsoft.PowerApps/apis/shared_commondataserviceforapps"
            },
            "parameters": {
              "entityName": "systemusers",
              "recordId": "@triggerOutputs()?['body/_cr4a8_lastdecisionmadeby_value']"
            },
            "authentication": "@parameters('$authentication')"
          }
        }
      },
      "outputs": {}
    }
  },
  "schemaVersion": "1.0.0.0"
}