{"properties":{"connectionReferences":{"shared_commondataserviceforapps":{"runtimeSource":"embedded","connection":{"connectionReferenceLogicalName":"cr0d5_sharedcommondataserviceforapps_0e79b"},"api":{"name":"shared_commondataserviceforapps"}},"shared_sendmail":{"runtimeSource":"embedded","connection":{"connectionReferenceLogicalName":"cr0d5_sharedsendmail_b9703"},"api":{"name":"shared_sendmail"}}},"definition":{"$schema":"https://schema.management.azure.com/providers/Microsoft.Logic/schemas/2016-06-01/workflowdefinition.json#","contentVersion":"1.0.0.0","parameters":{"$connections":{"defaultValue":{},"type":"Object"},"$authentication":{"defaultValue":{},"type":"SecureObject"}},"triggers":{"manual":{"metadata":{"operationMetadataId":"3b861f21-b3e4-4b9a-843e-eb07c8448b39"},"type":"Request","kind":"Http","inputs":{"schema":{"type":"object","properties":{"mailId":{"type":"string"}}}}}},"actions":{"Get_a_row_by_ID":{"runAfter":{},"metadata":{"operationMetadataId":"b76ecfd2-15da-445a-a46a-2253007624b5"},"type":"OpenApiConnection","inputs":{"host":{"connectionName":"shared_commondataserviceforapps","operationId":"GetItem","apiId":"/providers/Microsoft.PowerApps/apis/shared_commondataserviceforapps"},"parameters":{"entityName":"cr0d5_residentmails","recordId":"@triggerBody()?['mailId']"},"authentication":"@parameters('$authentication')"}},"Send_an_email_notification_(V3)":{"runAfter":{"Get_a_row_by_ID":["Succeeded"]},"metadata":{"operationMetadataId":"2315c944-75ad-4779-abc1-ee0fd4b8c3d5"},"type":"OpenApiConnection","inputs":{"host":{"connectionName":"shared_sendmail","operationId":"SendEmailV3","apiId":"/providers/Microsoft.PowerApps/apis/shared_sendmail"},"parameters":{"request/to":"admin@D365DemoTS909196.OnMicrosoft.com;","request/subject":"High Alert Resident Mail","request/text":"<p>Hello Corrections Administrator,<br>\n<br>\nThis is an automated message. New resident correspondence has just been received and has surpassed the warning threshold on one or multiple categories. Our AI has analyzed the contents of the mail and has rated it's risk along five different categories.<br>\n<br>\nGang Risk: @{outputs('Get_a_row_by_ID')?['body/cr0d5_gangriskrating']}<br>\nViolence Risk: @{outputs('Get_a_row_by_ID')?['body/cr0d5_violenceriskrating']}<br>\nDrug Risk: @{outputs('Get_a_row_by_ID')?['body/cr0d5_drugriskrating']}<br>\nWeapon Risk: @{outputs('Get_a_row_by_ID')?['body/cr0d5_weaponriskrating']}<br>\nConduct Risk: @{outputs('Get_a_row_by_ID')?['body/cr0d5_conductriskrating']}<br>\n<br>\nHere is a summarized version of the contents of the mail:<br>\n<i>@{outputs('Get_a_row_by_ID')?['body/cr0d5_recognizedtext']}</i><br><br>\n\nPlease review the full contents of the correspondence in the system here: <a href=\"https://org6f385752.crm.dynamics.com/main.aspx?appid=d1e3cdfc-ad67-40f7-b6b3-7122eab4400c&pagetype=entityrecord&etn=cr0d5_residentmail&id=@{outputs('Get_a_row_by_ID')?['body/cr0d5_residentmailid']}\">@{outputs('Get_a_row_by_ID')?['body/cr0d5_id']}</a>"},"authentication":"@parameters('$authentication')"}}},"outputs":{}}},"schemaVersion":"1.0.0.0"}