{"properties":{"connectionReferences":{"shared_commondataserviceforapps":{"runtimeSource":"embedded","connection":{"connectionReferenceLogicalName":"cr0d5_sharedcommondataserviceforapps_0e79b"},"api":{"name":"shared_commondataserviceforapps"}}},"definition":{"$schema":"https://schema.management.azure.com/providers/Microsoft.Logic/schemas/2016-06-01/workflowdefinition.json#","contentVersion":"1.0.0.0","parameters":{"$connections":{"defaultValue":{},"type":"Object"},"$authentication":{"defaultValue":{},"type":"SecureObject"}},"triggers":{"manual":{"metadata":{"operationMetadataId":"f42d6cb5-effe-4982-aac2-2c45748dff1c"},"type":"Request","kind":"Http","inputs":{"schema":{"type":"object","properties":{"mailId":{"type":"string"},"category":{"type":"integer"}}}}}},"actions":{"Get_mail":{"runAfter":{},"metadata":{"operationMetadataId":"bdb40bd0-91fd-411b-8c37-2c578c6aa7aa"},"type":"OpenApiConnection","inputs":{"host":{"connectionName":"shared_commondataserviceforapps","operationId":"GetItem","apiId":"/providers/Microsoft.PowerApps/apis/shared_commondataserviceforapps"},"parameters":{"entityName":"cr0d5_residentmails","recordId":"@triggerBody()?['mailId']"},"authentication":"@parameters('$authentication')"}},"Get_phrase_flags_for_this_category":{"runAfter":{"Get_mail":["Succeeded"]},"metadata":{"operationMetadataId":"4ee8aa28-a011-4261-8a7a-72cbfaa3a1f0"},"type":"OpenApiConnection","inputs":{"host":{"connectionName":"shared_commondataserviceforapps","operationId":"ListRecords","apiId":"/providers/Microsoft.PowerApps/apis/shared_commondataserviceforapps"},"parameters":{"entityName":"cr0d5_phraseflags","$filter":"cr0d5_flagcategory eq @{triggerBody()?['category']}"},"authentication":"@parameters('$authentication')"}},"Var_-_max_rating":{"runAfter":{"Get_phrase_flags_for_this_category":["Succeeded"]},"metadata":{"operationMetadataId":"419a4f79-1803-498a-90a9-003b23603de9"},"type":"InitializeVariable","inputs":{"variables":[{"name":"MaximumRating","type":"float","value":0}]}},"Add_up_max_rating":{"foreach":"@outputs('Get_phrase_flags_for_this_category')?['body/value']","actions":{"Increment_variable":{"runAfter":{},"metadata":{"operationMetadataId":"51b86b57-87ad-4130-ae54-68db2d2a8fbc"},"type":"IncrementVariable","inputs":{"name":"MaximumRating","value":"@items('Add_up_max_rating')?['cr0d5_importancerating']"}}},"runAfter":{"Var_-_max_rating":["Succeeded"]},"metadata":{"operationMetadataId":"faf7e89f-787f-4855-9847-622c1ef8acc1"},"type":"Foreach"},"var_-_this_rating":{"runAfter":{"Add_up_max_rating":["Succeeded"]},"metadata":{"operationMetadataId":"994a86d4-0e0c-4fce-ab37-cbea2e572210"},"type":"InitializeVariable","inputs":{"variables":[{"name":"ThisRating","type":"float","value":0}]}},"Apply_to_each":{"foreach":"@outputs('Get_phrase_flags_for_this_category')?['body/value']","actions":{"If_the_text_contains_the_phrase":{"actions":{"Increment_the_rating":{"runAfter":{},"metadata":{"operationMetadataId":"79e81a91-e7e9-4dc0-a6ff-790e75070de3"},"type":"IncrementVariable","inputs":{"name":"ThisRating","value":"@items('Apply_to_each')?['cr0d5_importancerating']"}}},"runAfter":{},"expression":{"contains":["@toLower(outputs('Get_mail')?['body/cr0d5_recognizedtext'])","@items('Apply_to_each')?['cr0d5_phrase']"]},"metadata":{"operationMetadataId":"06c9bb10-bad5-40a5-83b3-4ea6963b03a4"},"type":"If"}},"runAfter":{"var_-_this_rating":["Succeeded"]},"metadata":{"operationMetadataId":"daa56709-77d3-411f-9bc0-a092d45e517a"},"type":"Foreach"},"calculate_rating_as_percentage":{"runAfter":{"Apply_to_each":["Succeeded"]},"metadata":{"operationMetadataId":"3b0169c9-cd1d-4125-899f-cf2d6d35a219"},"type":"InitializeVariable","inputs":{"variables":[{"name":"RatingAsPercentage","type":"float","value":"@div(variables('ThisRating'), variables('MaximumRating'))"}]}},"Switch":{"runAfter":{"calculate_rating_as_percentage":["Succeeded"]},"cases":{"Case":{"case":215890000,"actions":{"Update_a_row":{"runAfter":{},"type":"OpenApiConnection","inputs":{"host":{"connectionName":"shared_commondataserviceforapps","operationId":"UpdateRecord","apiId":"/providers/Microsoft.PowerApps/apis/shared_commondataserviceforapps"},"parameters":{"entityName":"cr0d5_residentmails","recordId":"@triggerBody()?['mailId']","item/cr0d5_gangriskrating":"@variables('RatingAsPercentage')"},"authentication":"@parameters('$authentication')"}}}},"Case_2":{"case":215890001,"actions":{"Update_a_row_2":{"runAfter":{},"type":"OpenApiConnection","inputs":{"host":{"connectionName":"shared_commondataserviceforapps","operationId":"UpdateRecord","apiId":"/providers/Microsoft.PowerApps/apis/shared_commondataserviceforapps"},"parameters":{"entityName":"cr0d5_residentmails","recordId":"@triggerBody()?['mailId']","item/cr0d5_violenceriskrating":"@variables('RatingAsPercentage')"},"authentication":"@parameters('$authentication')"}}}},"Case_3":{"case":215890002,"actions":{"Update_a_row_3":{"runAfter":{},"type":"OpenApiConnection","inputs":{"host":{"connectionName":"shared_commondataserviceforapps","operationId":"UpdateRecord","apiId":"/providers/Microsoft.PowerApps/apis/shared_commondataserviceforapps"},"parameters":{"entityName":"cr0d5_residentmails","recordId":"@triggerBody()?['mailId']","item/cr0d5_drugriskrating":"@variables('RatingAsPercentage')"},"authentication":"@parameters('$authentication')"}}}},"Case_4":{"case":215890003,"actions":{"Update_a_row_4":{"runAfter":{},"type":"OpenApiConnection","inputs":{"host":{"connectionName":"shared_commondataserviceforapps","operationId":"UpdateRecord","apiId":"/providers/Microsoft.PowerApps/apis/shared_commondataserviceforapps"},"parameters":{"entityName":"cr0d5_residentmails","recordId":"@triggerBody()?['mailId']","item/cr0d5_weaponriskrating":"@variables('RatingAsPercentage')"},"authentication":"@parameters('$authentication')"}}}},"Case_5":{"case":215890004,"actions":{"Update_a_row_5":{"runAfter":{},"type":"OpenApiConnection","inputs":{"host":{"connectionName":"shared_commondataserviceforapps","operationId":"UpdateRecord","apiId":"/providers/Microsoft.PowerApps/apis/shared_commondataserviceforapps"},"parameters":{"entityName":"cr0d5_residentmails","recordId":"@triggerBody()?['mailId']","item/cr0d5_conductriskrating":"@variables('RatingAsPercentage')"},"authentication":"@parameters('$authentication')"}}}}},"default":{"actions":{}},"expression":"@triggerBody()?['category']","metadata":{"operationMetadataId":"cb15bbee-c796-4db3-8f4f-9dd81e49e88a"},"type":"Switch"}},"outputs":{}}},"schemaVersion":"1.0.0.0"}