{
  "properties": {
    "connectionReferences": {
      "shared_commondataserviceforapps": {
        "runtimeSource": "embedded",
        "connection": {
          "connectionReferenceLogicalName": "cr0d5_sharedcommondataserviceforapps_0e79b"
        },
        "api": {
          "name": "shared_commondataserviceforapps"
        }
      }
    },
    "definition": {
      "$schema": "https://schema.management.azure.com/providers/Microsoft.Logic/schemas/2016-06-01/workflowdefinition.json#",
      "contentVersion": "1.0.0.0",
      "parameters": {
        "$connections": {
          "defaultValue": {},
          "type": "Object"
        },
        "$authentication": {
          "defaultValue": {},
          "type": "SecureObject"
        }
      },
      "triggers": {
        "When_a_row_is_added,_modified_or_deleted": {
          "metadata": {
            "operationMetadataId": "9dbf9312-b20d-48e0-8ed2-c6518a337ad0"
          },
          "type": "OpenApiConnectionWebhook",
          "inputs": {
            "host": {
              "connectionName": "shared_commondataserviceforapps",
              "operationId": "SubscribeWebhookTrigger",
              "apiId": "/providers/Microsoft.PowerApps/apis/shared_commondataserviceforapps"
            },
            "parameters": {
              "subscriptionRequest/message": 1,
              "subscriptionRequest/entityname": "cr0d5_residentmail",
              "subscriptionRequest/scope": 4
            },
            "authentication": "@parameters('$authentication')"
          }
        }
      },
      "actions": {
        "Wait_for_the_child_scans_to_be_fully_uploaded": {
          "runAfter": {},
          "metadata": {
            "operationMetadataId": "d6e31e2d-a867-4f12-89f2-cb6b5cdc3ca3"
          },
          "type": "Wait",
          "inputs": {
            "interval": {
              "count": 10,
              "unit": "Second"
            }
          }
        },
        "Get_child_scans": {
          "runAfter": {
            "Wait_for_the_child_scans_to_be_fully_uploaded": [
              "Succeeded"
            ]
          },
          "metadata": {
            "operationMetadataId": "ee008323-f297-4c06-9d2d-8da0508cde57"
          },
          "type": "OpenApiConnection",
          "inputs": {
            "host": {
              "connectionName": "shared_commondataserviceforapps",
              "operationId": "ListRecords",
              "apiId": "/providers/Microsoft.PowerApps/apis/shared_commondataserviceforapps"
            },
            "parameters": {
              "entityName": "cr0d5_scannedmailpages",
              "$filter": "_cr0d5_parentmail_value eq @{triggerOutputs()?['body/cr0d5_residentmailid']}"
            },
            "authentication": "@parameters('$authentication')"
          }
        },
        "Apply_to_each": {
          "foreach": "@outputs('Get_child_scans')?['body/value']",
          "actions": {
            "Recognize_text_in_an_image_or_a_PDF_document": {
              "runAfter": {
                "Download_a_file_or_an_image": [
                  "Succeeded"
                ]
              },
              "metadata": {
                "flowSystemMetadata": {
                  "portalOperationId": "aibuilderpredict_textrecognition",
                  "portalOperationGroup": "aibuilder",
                  "portalOperationApiDisplayNameOverride": "AI Builder",
                  "portalOperationIconOverride": "https://psuxemea.azureedge.net/Content/Images/DesignerOperations/aiBuilder.png",
                  "portalOperationBrandColorOverride": "#742775",
                  "portalOperationApiTierOverride": "Standard"
                },
                "operationMetadataId": "23ba7b2a-ea4e-4550-ade2-3ca0a331fd35"
              },
              "type": "OpenApiConnection",
              "inputs": {
                "host": {
                  "connectionName": "shared_commondataserviceforapps",
                  "operationId": "aibuilderpredict_textrecognition",
                  "apiId": "/providers/Microsoft.PowerApps/apis/shared_commondataserviceforapps"
                },
                "parameters": {
                  "item/requestv2/base64Encoded": "@outputs('Download_a_file_or_an_image')?['body']"
                },
                "authentication": "@parameters('$authentication')"
              }
            },
            "Apply_to_each_2": {
              "foreach": "@outputs('Recognize_text_in_an_image_or_a_PDF_document')?['body/responsev2/predictionOutput/results']",
              "actions": {
                "Apply_to_each_3": {
                  "foreach": "@items('Apply_to_each_2')?['lines']",
                  "actions": {
                    "Append_to_string_variable": {
                      "runAfter": {},
                      "metadata": {
                        "operationMetadataId": "3626f5da-37d6-4ad4-a354-15286733a5f5"
                      },
                      "type": "AppendToStringVariable",
                      "inputs": {
                        "name": "TempHold",
                        "value": "@{items('Apply_to_each_3')?['text']}\n"
                      }
                    }
                  },
                  "runAfter": {},
                  "metadata": {
                    "operationMetadataId": "fd382c4f-8367-452f-8375-5256c425ea41"
                  },
                  "type": "Foreach"
                }
              },
              "runAfter": {
                "Recognize_text_in_an_image_or_a_PDF_document": [
                  "Succeeded"
                ]
              },
              "metadata": {
                "operationMetadataId": "f8b2b070-6289-4188-a3c0-f3c84c7a88d5"
              },
              "type": "Foreach"
            },
            "Download_a_file_or_an_image": {
              "runAfter": {},
              "metadata": {
                "operationMetadataId": "0e77353e-7ebf-435a-84fc-66b4cf187447"
              },
              "type": "OpenApiConnection",
              "inputs": {
                "host": {
                  "connectionName": "shared_commondataserviceforapps",
                  "operationId": "GetEntityFileImageFieldContent",
                  "apiId": "/providers/Microsoft.PowerApps/apis/shared_commondataserviceforapps"
                },
                "parameters": {
                  "entityName": "cr0d5_scannedmailpages",
                  "recordId": "@items('Apply_to_each')?['cr0d5_scannedmailpageid']",
                  "fileImageFieldName": "cr0d5_scanimage",
                  "size": "full"
                },
                "authentication": "@parameters('$authentication')"
              }
            }
          },
          "runAfter": {
            "Initialize_variable": [
              "Succeeded"
            ]
          },
          "metadata": {
            "operationMetadataId": "b0774136-add2-4264-ab4e-ae752f7469b2"
          },
          "type": "Foreach"
        },
        "Initialize_variable": {
          "runAfter": {
            "Get_child_scans": [
              "Succeeded"
            ]
          },
          "metadata": {
            "operationMetadataId": "d4d5e396-b75c-4704-bbb8-9f7c6c6193fa"
          },
          "type": "InitializeVariable",
          "inputs": {
            "variables": [
              {
                "name": "TempHold",
                "type": "string"
              }
            ]
          }
        },
        "Save_recognized_text_to_entity": {
          "runAfter": {
            "Apply_to_each": [
              "Succeeded"
            ]
          },
          "metadata": {
            "operationMetadataId": "f9b79275-5c59-4625-8d5b-85979a4670d1"
          },
          "type": "OpenApiConnection",
          "inputs": {
            "host": {
              "connectionName": "shared_commondataserviceforapps",
              "operationId": "UpdateRecord",
              "apiId": "/providers/Microsoft.PowerApps/apis/shared_commondataserviceforapps"
            },
            "parameters": {
              "entityName": "cr0d5_residentmails",
              "recordId": "@triggerOutputs()?['body/cr0d5_residentmailid']",
              "item/cr0d5_recognizedtext": "@variables('TempHold')"
            },
            "authentication": "@parameters('$authentication')"
          }
        },
        "Trigger_Rating_Process_-_Gang": {
          "runAfter": {
            "Translate_and_save_if_the_language_was_something_other_than_english": [
              "Succeeded"
            ]
          },
          "metadata": {
            "operationMetadataId": "2c3c05ea-16b0-42f8-a34f-38fb378e6f2c"
          },
          "type": "Http",
          "inputs": {
            "method": "POST",
            "uri": "https://prod-75.westus.logic.azure.com:443/workflows/7e172321865346478ebfb4f649ce302f/triggers/manual/paths/invoke?api-version=2016-06-01&sp=%2Ftriggers%2Fmanual%2Frun&sv=1.0&sig=mvy5vDOX2IwQP2nEQr7s4cVfYlGFvTVbOhaQnUghN70",
            "headers": {
              "Content-Type": "application/json"
            },
            "body": {
              "mailId": "@{triggerOutputs()?['body/cr0d5_residentmailid']}",
              "category": 215890000
            }
          }
        },
        "Trigger_Rating_Process_-_Violence": {
          "runAfter": {
            "Trigger_Rating_Process_-_Gang": [
              "Succeeded"
            ]
          },
          "metadata": {
            "operationMetadataId": "961cb129-b9ba-4d7b-84ee-a227b572cb93"
          },
          "type": "Http",
          "inputs": {
            "method": "POST",
            "uri": "https://prod-75.westus.logic.azure.com:443/workflows/7e172321865346478ebfb4f649ce302f/triggers/manual/paths/invoke?api-version=2016-06-01&sp=%2Ftriggers%2Fmanual%2Frun&sv=1.0&sig=mvy5vDOX2IwQP2nEQr7s4cVfYlGFvTVbOhaQnUghN70",
            "headers": {
              "Content-Type": "application/json"
            },
            "body": {
              "mailId": "@{triggerOutputs()?['body/cr0d5_residentmailid']}",
              "category": 215890001
            }
          }
        },
        "Trigger_Rating_Process_-_Drugs": {
          "runAfter": {
            "Trigger_Rating_Process_-_Violence": [
              "Succeeded"
            ]
          },
          "metadata": {
            "operationMetadataId": "a4356608-f830-4df3-b718-852ebd6c3b43"
          },
          "type": "Http",
          "inputs": {
            "method": "POST",
            "uri": "https://prod-75.westus.logic.azure.com:443/workflows/7e172321865346478ebfb4f649ce302f/triggers/manual/paths/invoke?api-version=2016-06-01&sp=%2Ftriggers%2Fmanual%2Frun&sv=1.0&sig=mvy5vDOX2IwQP2nEQr7s4cVfYlGFvTVbOhaQnUghN70",
            "headers": {
              "Content-Type": "application/json"
            },
            "body": {
              "mailId": "@{triggerOutputs()?['body/cr0d5_residentmailid']}",
              "category": 215890002
            }
          }
        },
        "Trigger_Rating_Process_-_Weapons": {
          "runAfter": {
            "Trigger_Rating_Process_-_Drugs": [
              "Succeeded"
            ]
          },
          "metadata": {
            "operationMetadataId": "2cc1a3bf-94b4-466a-9276-67c10c792054"
          },
          "type": "Http",
          "inputs": {
            "method": "POST",
            "uri": "https://prod-75.westus.logic.azure.com:443/workflows/7e172321865346478ebfb4f649ce302f/triggers/manual/paths/invoke?api-version=2016-06-01&sp=%2Ftriggers%2Fmanual%2Frun&sv=1.0&sig=mvy5vDOX2IwQP2nEQr7s4cVfYlGFvTVbOhaQnUghN70",
            "headers": {
              "Content-Type": "application/json"
            },
            "body": {
              "mailId": "@{triggerOutputs()?['body/cr0d5_residentmailid']}",
              "category": 215890003
            }
          }
        },
        "Trigger_Rating_Process_-_Conduct": {
          "runAfter": {
            "Trigger_Rating_Process_-_Weapons": [
              "Succeeded"
            ]
          },
          "metadata": {
            "operationMetadataId": "301207d1-a0a7-4dd3-886e-837ffb0cb94e"
          },
          "type": "Http",
          "inputs": {
            "method": "POST",
            "uri": "https://prod-75.westus.logic.azure.com:443/workflows/7e172321865346478ebfb4f649ce302f/triggers/manual/paths/invoke?api-version=2016-06-01&sp=%2Ftriggers%2Fmanual%2Frun&sv=1.0&sig=mvy5vDOX2IwQP2nEQr7s4cVfYlGFvTVbOhaQnUghN70",
            "headers": {
              "Content-Type": "application/json"
            },
            "body": {
              "mailId": "@{triggerOutputs()?['body/cr0d5_residentmailid']}",
              "category": 215890004
            }
          }
        },
        "Wait_30_seconds_for_the_ratings_to_populate": {
          "runAfter": {
            "Trigger_Rating_Process_-_Conduct": [
              "Succeeded"
            ]
          },
          "metadata": {
            "operationMetadataId": "793b1102-b42f-4e1a-b816-c0c385a29685"
          },
          "type": "Wait",
          "inputs": {
            "interval": {
              "count": 30,
              "unit": "Second"
            }
          }
        },
        "If_any_rating_is_too_high,_alert_the_admins": {
          "actions": {
            "Trigger_high_alert_email": {
              "runAfter": {},
              "metadata": {
                "operationMetadataId": "0c01fe87-742f-47f2-ad08-8eb9be3f3c3f"
              },
              "type": "Http",
              "inputs": {
                "method": "POST",
                "uri": "https://prod-175.westus.logic.azure.com:443/workflows/e56eaecb409b45058790d7db1ede7de9/triggers/manual/paths/invoke?api-version=2016-06-01&sp=%2Ftriggers%2Fmanual%2Frun&sv=1.0&sig=AK8UZKJJTWZXjJ7CeSAst09SBAZovE97ylEssggoNHw",
                "headers": {
                  "Content-Type": "application/json"
                },
                "body": {
                  "mailId": "@{outputs('Get_Refreshed_Resident_Mail_(with_ratings)')?['body/cr0d5_residentmailid']}"
                }
              }
            }
          },
          "runAfter": {
            "Get_Refreshed_Resident_Mail_(with_ratings)": [
              "Succeeded"
            ]
          },
          "expression": {
            "or": [
              {
                "greaterOrEquals": [
                  "@outputs('Get_Refreshed_Resident_Mail_(with_ratings)')?['body/cr0d5_conductriskrating']",
                  0.3
                ]
              },
              {
                "greaterOrEquals": [
                  "@outputs('Get_Refreshed_Resident_Mail_(with_ratings)')?['body/cr0d5_drugriskrating']",
                  0.3
                ]
              },
              {
                "greaterOrEquals": [
                  "@outputs('Get_Refreshed_Resident_Mail_(with_ratings)')?['body/cr0d5_gangriskrating']",
                  0.3
                ]
              },
              {
                "greaterOrEquals": [
                  "@outputs('Get_Refreshed_Resident_Mail_(with_ratings)')?['body/cr0d5_violenceriskrating']",
                  0.3
                ]
              },
              {
                "greaterOrEquals": [
                  "@outputs('Get_Refreshed_Resident_Mail_(with_ratings)')?['body/cr0d5_weaponriskrating']",
                  0.3
                ]
              }
            ]
          },
          "metadata": {
            "operationMetadataId": "94449556-1e33-4e58-95be-385116bb058a"
          },
          "type": "If"
        },
        "Get_Refreshed_Resident_Mail_(with_ratings)": {
          "runAfter": {
            "Wait_30_seconds_for_the_ratings_to_populate": [
              "Succeeded"
            ]
          },
          "metadata": {
            "operationMetadataId": "18dc8a11-21f9-4335-9c8e-cd5fd32c5a88"
          },
          "type": "OpenApiConnection",
          "inputs": {
            "host": {
              "connectionName": "shared_commondataserviceforapps",
              "operationId": "GetItem",
              "apiId": "/providers/Microsoft.PowerApps/apis/shared_commondataserviceforapps"
            },
            "parameters": {
              "entityName": "cr0d5_residentmails",
              "recordId": "@triggerOutputs()?['body/cr0d5_residentmailid']"
            },
            "authentication": "@parameters('$authentication')"
          }
        },
        "Detect_the_language_being_used_in_text": {
          "runAfter": {
            "Save_recognized_text_to_entity": [
              "Succeeded"
            ]
          },
          "metadata": {
            "operationMetadataId": "55caebcc-1dc9-4b0b-8a0e-c8862dae450a",
            "flowSystemMetadata": {
              "portalOperationApiDisplayNameOverride": "AI Builder",
              "portalOperationIconOverride": "https://psuxemea.azureedge.net/Content/Images/DesignerOperations/aiBuilder.png",
              "portalOperationBrandColorOverride": "#742775",
              "portalOperationApiTierOverride": "Standard",
              "portalOperationId": "aibuilderpredict_languagedetection",
              "portalOperationGroup": "aibuilder"
            }
          },
          "type": "OpenApiConnection",
          "inputs": {
            "host": {
              "connectionName": "shared_commondataserviceforapps",
              "operationId": "aibuilderpredict_languagedetection",
              "apiId": "/providers/Microsoft.PowerApps/apis/shared_commondataserviceforapps"
            },
            "parameters": {
              "item/requestv2/text": "@variables('TempHold')"
            },
            "authentication": "@parameters('$authentication')"
          }
        },
        "Setup_Language_not_EN": {
          "runAfter": {
            "Detect_the_language_being_used_in_text": [
              "Succeeded"
            ]
          },
          "metadata": {
            "operationMetadataId": "e9112965-868b-4f18-bb0a-a2828245a130"
          },
          "type": "InitializeVariable",
          "inputs": {
            "variables": [
              {
                "name": "AlternativeLanguageDetected",
                "type": "boolean",
                "value": false
              }
            ]
          }
        },
        "Check_if_there_is_something_other_than_english_detected": {
          "foreach": "@outputs('Detect_the_language_being_used_in_text')?['body/responsev2/predictionOutput/results']",
          "actions": {
            "Condition": {
              "actions": {
                "Set_variable": {
                  "runAfter": {},
                  "metadata": {
                    "operationMetadataId": "213e8d82-44b3-4d6f-8d59-8bfba4536da0"
                  },
                  "type": "SetVariable",
                  "inputs": {
                    "name": "AlternativeLanguageDetected",
                    "value": true
                  }
                }
              },
              "runAfter": {},
              "expression": {
                "not": {
                  "equals": [
                    "@items('Check_if_there_is_something_other_than_english_detected')?['language']",
                    "en"
                  ]
                }
              },
              "metadata": {
                "operationMetadataId": "fea9e3da-08ef-4d4b-8292-509000dcfd45"
              },
              "type": "If"
            }
          },
          "runAfter": {
            "Setup_Language_not_EN": [
              "Succeeded"
            ]
          },
          "metadata": {
            "operationMetadataId": "631ca533-0a7f-48be-aac8-8f1158032592"
          },
          "type": "Foreach"
        },
        "Translate_and_save_if_the_language_was_something_other_than_english": {
          "actions": {
            "Translate_text_into_another_language": {
              "runAfter": {},
              "metadata": {
                "operationMetadataId": "59e6bd53-b9da-43f9-b1e8-b1d528fb47d2",
                "flowSystemMetadata": {
                  "portalOperationApiDisplayNameOverride": "AI Builder",
                  "portalOperationIconOverride": "https://psuxemea.azureedge.net/Content/Images/DesignerOperations/aiBuilder.png",
                  "portalOperationBrandColorOverride": "#742775",
                  "portalOperationApiTierOverride": "Standard",
                  "portalOperationId": "aibuilderpredict_texttranslationpretrained",
                  "portalOperationGroup": "aibuilder"
                }
              },
              "type": "OpenApiConnection",
              "inputs": {
                "host": {
                  "connectionName": "shared_commondataserviceforapps",
                  "operationId": "aibuilderpredict_texttranslationpretrained",
                  "apiId": "/providers/Microsoft.PowerApps/apis/shared_commondataserviceforapps"
                },
                "parameters": {
                  "item/requestv2/text": "@variables('TempHold')",
                  "item/requestv2/targetLanguage": "en",
                  "item/requestv2/sourceLanguage": "auto"
                },
                "authentication": "@parameters('$authentication')"
              }
            },
            "Update_a_row": {
              "runAfter": {
                "Translate_text_into_another_language": [
                  "Succeeded"
                ]
              },
              "metadata": {
                "operationMetadataId": "3e2e5773-5261-413f-b4e6-57cd3647c2d7"
              },
              "type": "OpenApiConnection",
              "inputs": {
                "host": {
                  "connectionName": "shared_commondataserviceforapps",
                  "operationId": "UpdateRecord",
                  "apiId": "/providers/Microsoft.PowerApps/apis/shared_commondataserviceforapps"
                },
                "parameters": {
                  "entityName": "cr0d5_residentmails",
                  "recordId": "@triggerOutputs()?['body/cr0d5_residentmailid']",
                  "item/cr0d5_recognizedtexttranslated": "@outputs('Translate_text_into_another_language')?['body/responsev2/predictionOutput/text']"
                },
                "authentication": "@parameters('$authentication')"
              }
            }
          },
          "runAfter": {
            "Check_if_there_is_something_other_than_english_detected": [
              "Succeeded"
            ]
          },
          "expression": {
            "equals": [
              "@variables('AlternativeLanguageDetected')",
              true
            ]
          },
          "metadata": {
            "operationMetadataId": "a7c03153-0a49-4def-bede-87b63f55f5a4"
          },
          "type": "If"
        }
      },
      "outputs": {}
    }
  },
  "schemaVersion": "1.0.0.0"
}