{"properties":{"connectionReferences":{"shared_approvals":{"runtimeSource":"embedded","connection":{"connectionReferenceLogicalName":"teamreq_sharedapprovals_ffe0f"},"api":{"name":"shared_approvals"}},"shared_commondataserviceforapps":{"runtimeSource":"embedded","connection":{"connectionReferenceLogicalName":"cr005_sharedcommondataserviceforapps_96d1d"},"api":{"name":"shared_commondataserviceforapps"}},"shared_sendmail":{"runtimeSource":"embedded","connection":{"connectionReferenceLogicalName":"cmg_sharedsendmail_5726a"},"api":{"name":"shared_sendmail"}},"shared_teams":{"runtimeSource":"embedded","connection":{"connectionReferenceLogicalName":"teamreq_sharedteams_af985"},"api":{"name":"shared_teams"}}},"definition":{"$schema":"https://schema.management.azure.com/providers/Microsoft.Logic/schemas/2016-06-01/workflowdefinition.json#","contentVersion":"1.0.0.0","parameters":{"$connections":{"defaultValue":{},"type":"Object"},"$authentication":{"defaultValue":{},"type":"SecureObject"}},"triggers":{"When_a_row_is_created,_updated_or_deleted":{"type":"OpenApiConnectionWebhook","inputs":{"host":{"connectionName":"shared_commondataserviceforapps","operationId":"SubscribeWebhookTrigger","apiId":"/providers/Microsoft.PowerApps/apis/shared_commondataserviceforapps"},"parameters":{"subscriptionRequest/message":1,"subscriptionRequest/entityname":"teamreq_teamsteamrequest","subscriptionRequest/scope":4},"authentication":"@parameters('$authentication')"}}},"actions":{"Start_and_wait_for_an_approval":{"runAfter":{"Get_user":["Succeeded"]},"type":"OpenApiConnectionWebhook","inputs":{"host":{"connectionName":"shared_approvals","operationId":"StartAndWaitForAnApproval","apiId":"/providers/Microsoft.PowerApps/apis/shared_approvals"},"parameters":{"approvalType":"Basic","WebhookApprovalCreationInput/title":"Please review and approve this Team request","WebhookApprovalCreationInput/assignedTo":"systemadmin@thanewich.onmicrosoft.com;","WebhookApprovalCreationInput/details":"There is a new Teams team request awaiting your approval. Please see the details below:\n\nRequestor: @{outputs('Get_user')?['body/fullname']}\nTeam Name: @{triggerOutputs()?['body/teamreq_teamname']}\nTeam Description: @{triggerOutputs()?['body/teamreq_teamdescription']}\nRequest Description: @{triggerOutputs()?['body/teamreq_requestdescription']}","WebhookApprovalCreationInput/enableNotifications":true,"WebhookApprovalCreationInput/enableReassignment":true},"authentication":"@parameters('$authentication')"}},"Get_user":{"runAfter":{},"type":"OpenApiConnection","inputs":{"host":{"connectionName":"shared_commondataserviceforapps","operationId":"GetItem","apiId":"/providers/Microsoft.PowerApps/apis/shared_commondataserviceforapps"},"parameters":{"entityName":"systemusers","recordId":"@triggerOutputs()?['body/_ownerid_value']"},"authentication":"@parameters('$authentication')"}},"Condition":{"actions":{"Create_a_team":{"runAfter":{},"type":"OpenApiConnection","inputs":{"host":{"connectionName":"shared_teams","operationId":"CreateATeam","apiId":"/providers/Microsoft.PowerApps/apis/shared_teams"},"parameters":{"body/displayName":"@triggerOutputs()?['body/teamreq_teamname']","body/description":"@triggerOutputs()?['body/teamreq_teamdescription']","body/visibility":"Public"},"authentication":"@parameters('$authentication')"}},"Create_a_channel":{"runAfter":{"Create_a_team":["Succeeded"]},"type":"OpenApiConnection","inputs":{"host":{"connectionName":"shared_teams","operationId":"CreateChannel","apiId":"/providers/Microsoft.PowerApps/apis/shared_teams"},"parameters":{"groupId":"@outputs('Create_a_team')?['body/newTeamId']","body/displayName":"New Features"},"authentication":"@parameters('$authentication')"}},"Create_a_channel_2":{"runAfter":{"Create_a_channel":["Succeeded"]},"type":"OpenApiConnection","inputs":{"host":{"connectionName":"shared_teams","operationId":"CreateChannel","apiId":"/providers/Microsoft.PowerApps/apis/shared_teams"},"parameters":{"groupId":"@outputs('Create_a_team')?['body/newTeamId']","body/displayName":"Bug Fixes"},"authentication":"@parameters('$authentication')"}},"Create_a_channel_3":{"runAfter":{"Create_a_channel_2":["Succeeded"]},"type":"OpenApiConnection","inputs":{"host":{"connectionName":"shared_teams","operationId":"CreateChannel","apiId":"/providers/Microsoft.PowerApps/apis/shared_teams"},"parameters":{"groupId":"@outputs('Create_a_team')?['body/newTeamId']","body/displayName":"Product Roadmap"},"authentication":"@parameters('$authentication')"}},"Add_a_member_to_a_team":{"runAfter":{"Create_a_channel_3":["Succeeded"]},"type":"OpenApiConnection","inputs":{"host":{"connectionName":"shared_teams","operationId":"AddMemberToTeam","apiId":"/providers/Microsoft.PowerApps/apis/shared_teams"},"parameters":{"teamId":"@outputs('Create_a_team')?['body/newTeamId']","body/userId":"@outputs('Get_user')?['body/azureactivedirectoryobjectid']","body/owner":true},"authentication":"@parameters('$authentication')"}},"Send_an_email_notification_(V3)":{"runAfter":{"Add_a_member_to_a_team":["Succeeded"]},"type":"OpenApiConnection","inputs":{"host":{"connectionName":"shared_sendmail","operationId":"SendEmailV3","apiId":"/providers/Microsoft.PowerApps/apis/shared_sendmail"},"parameters":{"request/to":"@{outputs('Get_user')?['body/internalemailaddress']};","request/subject":"Team Request Approved","request/text":"<p>Hello @{outputs('Get_user')?['body/fullname']},<br>\n<br>\nYour recent Team Request for team \"@{triggerOutputs()?['body/teamreq_teamname']}\" has been approved!<br>\n<br>\nThe Team has been initiated and set up. Go to Teams to go see it!<br>\n<br>\n-Administration</p>"},"authentication":"@parameters('$authentication')"}}},"runAfter":{"Start_and_wait_for_an_approval":["Succeeded"]},"else":{"actions":{"Send_an_email_notification_(V3)_2":{"runAfter":{},"type":"OpenApiConnection","inputs":{"host":{"connectionName":"shared_sendmail","operationId":"SendEmailV3","apiId":"/providers/Microsoft.PowerApps/apis/shared_sendmail"},"parameters":{"request/to":"@{outputs('Get_user')?['body/internalemailaddress']};","request/subject":"Your Team Request","request/text":"<p>Hello @{outputs('Get_user')?['body/fullname']},<br>\n<br>\nYour recent request for Team \"@{triggerOutputs()?['body/teamreq_teamname']}\" has been rejected. <br>\n<br>\n-Administration</p>"},"authentication":"@parameters('$authentication')"}}}},"expression":{"equals":["@outputs('Start_and_wait_for_an_approval')?['body/outcome']","Approve"]},"type":"If"}},"outputs":{}}},"schemaVersion":"1.0.0.0"}