<ImportExportXml version="9.1.0.23759" SolutionPackageVersion="9.1" languagecode="1033" generatedBy="CrmLive" xmlns:xsi="http://www.w3.org/2001/XMLSchema-instance">
  <SolutionManifest>
    <UniqueName>COJudicialQuestionnaire</UniqueName>
    <LocalizedNames>
      <LocalizedName description="CO Judicial Questionnaire" languagecode="1033" />
    </LocalizedNames>
    <Descriptions />
    <Version>1.0.0.6</Version>
    <Managed>0</Managed>
    <Publisher>
      <UniqueName>Crc914c</UniqueName>
      <LocalizedNames>
        <LocalizedName description="CDS Default Publisher" languagecode="1033" />
      </LocalizedNames>
      <Descriptions />
      <EMailAddress xsi:nil="true"></EMailAddress>
      <SupportingWebsiteUrl xsi:nil="true"></SupportingWebsiteUrl>
      <CustomizationPrefix>crc7a</CustomizationPrefix>
      <CustomizationOptionValuePrefix>67757</CustomizationOptionValuePrefix>
      <Addresses>
        <Address>
          <AddressNumber>1</AddressNumber>
          <AddressTypeCode xsi:nil="true"></AddressTypeCode>
          <City xsi:nil="true"></City>
          <County xsi:nil="true"></County>
          <Country xsi:nil="true"></Country>
          <Fax xsi:nil="true"></Fax>
          <FreightTermsCode xsi:nil="true"></FreightTermsCode>
          <ImportSequenceNumber xsi:nil="true"></ImportSequenceNumber>
          <Latitude xsi:nil="true"></Latitude>
          <Line1 xsi:nil="true"></Line1>
          <Line2 xsi:nil="true"></Line2>
          <Line3 xsi:nil="true"></Line3>
          <Longitude xsi:nil="true"></Longitude>
          <Name xsi:nil="true"></Name>
          <PostalCode xsi:nil="true"></PostalCode>
          <PostOfficeBox xsi:nil="true"></PostOfficeBox>
          <PrimaryContactName xsi:nil="true"></PrimaryContactName>
          <ShippingMethodCode xsi:nil="true"></ShippingMethodCode>
          <StateOrProvince xsi:nil="true"></StateOrProvince>
          <Telephone1 xsi:nil="true"></Telephone1>
          <Telephone2 xsi:nil="true"></Telephone2>
          <Telephone3 xsi:nil="true"></Telephone3>
          <TimeZoneRuleVersionNumber xsi:nil="true"></TimeZoneRuleVersionNumber>
          <UPSZone xsi:nil="true"></UPSZone>
          <UTCOffset xsi:nil="true"></UTCOffset>
          <UTCConversionTimeZoneCode xsi:nil="true"></UTCConversionTimeZoneCode>
        </Address>
        <Address>
          <AddressNumber>2</AddressNumber>
          <AddressTypeCode xsi:nil="true"></AddressTypeCode>
          <City xsi:nil="true"></City>
          <County xsi:nil="true"></County>
          <Country xsi:nil="true"></Country>
          <Fax xsi:nil="true"></Fax>
          <FreightTermsCode xsi:nil="true"></FreightTermsCode>
          <ImportSequenceNumber xsi:nil="true"></ImportSequenceNumber>
          <Latitude xsi:nil="true"></Latitude>
          <Line1 xsi:nil="true"></Line1>
          <Line2 xsi:nil="true"></Line2>
          <Line3 xsi:nil="true"></Line3>
          <Longitude xsi:nil="true"></Longitude>
          <Name xsi:nil="true"></Name>
          <PostalCode xsi:nil="true"></PostalCode>
          <PostOfficeBox xsi:nil="true"></PostOfficeBox>
          <PrimaryContactName xsi:nil="true"></PrimaryContactName>
          <ShippingMethodCode xsi:nil="true"></ShippingMethodCode>
          <StateOrProvince xsi:nil="true"></StateOrProvince>
          <Telephone1 xsi:nil="true"></Telephone1>
          <Telephone2 xsi:nil="true"></Telephone2>
          <Telephone3 xsi:nil="true"></Telephone3>
          <TimeZoneRuleVersionNumber xsi:nil="true"></TimeZoneRuleVersionNumber>
          <UPSZone xsi:nil="true"></UPSZone>
          <UTCOffset xsi:nil="true"></UTCOffset>
          <UTCConversionTimeZoneCode xsi:nil="true"></UTCConversionTimeZoneCode>
        </Address>
      </Addresses>
    </Publisher>
    <RootComponents>
      <RootComponent type="1" schemaName="contact" behavior="0" />
      <RootComponent type="1" schemaName="crc7a_bulkquestionnairegenerationorder" behavior="0" />
      <RootComponent type="1" schemaName="crc7a_courtcase" behavior="0" />
      <RootComponent type="1" schemaName="crc7a_juryquestion" behavior="0" />
      <RootComponent type="1" schemaName="crc7a_juryquestionnaire" behavior="0" />
      <RootComponent type="1" schemaName="crc7a_questionanswerpair" behavior="0" />
      <RootComponent type="1" schemaName="systemuser" behavior="0" />
      <RootComponent type="9" schemaName="crc7a_casetype" behavior="0" />
      <RootComponent type="9" schemaName="crc7a_judicialofficer" behavior="0" />
      <RootComponent type="29" id="{15a9dce5-daba-ea11-a812-000d3a5a1cf8}" behavior="0" />
      <RootComponent type="29" id="{a63da2aa-0aba-ea11-a812-000d3a5a7ad8}" behavior="0" />
      <RootComponent type="29" id="{be9a4d48-d6ba-ea11-a812-000d3a5a1cf8}" behavior="0" />
      <RootComponent type="60" id="{2fc3175b-5dc0-ea11-a812-000d3a5a1cf8}" behavior="0" />
      <RootComponent type="60" id="{c9555525-5fc0-ea11-a812-000d3a5a7ad8}" behavior="0" />
      <RootComponent type="61" schemaName="new_question" behavior="0" />
      <RootComponent type="62" schemaName="crc7a_COJudicialCourtQuestionnaireMgmt" behavior="0" />
      <RootComponent type="80" schemaName="crc7a_COJudicialCourtQuestionnaireMgmt" behavior="0" />
    </RootComponents>
    <MissingDependencies>
      <MissingDependency>
        <Required key="0" type="1" schemaName="adx_webpagehistory" displayName="Web Page History" solution="MicrosoftPortalBase (9.2.2001.0)" />
        <Dependent key="1" type="1" schemaName="contact" displayName="Contact" />
      </MissingDependency>
      <MissingDependency>
        <Required key="2" type="1" schemaName="adx_pagenotification" displayName="Page Notification" solution="MicrosoftPortalBase (9.2.2001.0)" />
        <Dependent key="1" type="1" schemaName="contact" displayName="Contact" />
      </MissingDependency>
      <MissingDependency>
        <Required key="3" type="1" schemaName="adx_pollsubmission" displayName="Poll Submission" solution="MicrosoftPortalBase (9.2.2001.0)" />
        <Dependent key="1" type="1" schemaName="contact" displayName="Contact" />
      </MissingDependency>
      <MissingDependency>
        <Required key="4" type="1" schemaName="adx_webfilelog" displayName="Web File Log" solution="MicrosoftPortalBase (9.2.2001.0)" />
        <Dependent key="1" type="1" schemaName="contact" displayName="Contact" />
      </MissingDependency>
      <MissingDependency>
        <Required key="5" type="1" schemaName="adx_webpagelog" displayName="Web Page Log" solution="MicrosoftPortalBase (9.2.2001.0)" />
        <Dependent key="1" type="1" schemaName="contact" displayName="Contact" />
      </MissingDependency>
      <MissingDependency>
        <Required key="6" type="1" schemaName="adx_invitation" displayName="Invitation" solution="MicrosoftPortalBase (9.2.2001.0)" />
        <Dependent key="1" type="1" schemaName="contact" displayName="Contact" />
      </MissingDependency>
      <MissingDependency>
        <Required key="7" type="1" schemaName="adx_pagealert" displayName="Page Alert" solution="MicrosoftPortalBase (9.2.2001.0)" />
        <Dependent key="1" type="1" schemaName="contact" displayName="Contact" />
      </MissingDependency>
      <MissingDependency>
        <Required key="8" type="1" schemaName="adx_webpage" displayName="Web Page" solution="MicrosoftPortalDependencies (9.2.10.0)" />
        <Dependent key="1" type="1" schemaName="contact" displayName="Contact" />
      </MissingDependency>
      <MissingDependency>
        <Required key="9" type="1" schemaName="adx_externalidentity" displayName="External Identity" solution="MicrosoftIdentity (9.2.2001.0)" />
        <Dependent key="1" type="1" schemaName="contact" displayName="Contact" />
      </MissingDependency>
      <MissingDependency>
        <Required key="10" type="1" schemaName="adx_bpf_c2857b638fa7473d8e2f112c232cebd8" displayName="Change Password for Portals Contact" solution="MicrosoftIdentity (9.2.2001.0)" />
        <Dependent key="1" type="1" schemaName="contact" displayName="Contact" />
      </MissingDependency>
      <MissingDependency>
        <Required key="11" type="1" schemaName="adx_webformsession" displayName="Web Form Session" solution="MicrosoftPortalWebForms (9.2.2001.0)" />
        <Dependent key="1" type="1" schemaName="contact" displayName="Contact" />
      </MissingDependency>
      <MissingDependency>
        <Required key="12" type="1" schemaName="bot" displayName="Chatbot" solution="PowerVirtualAgents (1.1.2.164)" />
        <Dependent key="13" type="1" schemaName="systemuser" displayName="User" />
      </MissingDependency>
      <MissingDependency>
        <Required key="11" type="1" schemaName="adx_webformsession" displayName="Web Form Session" solution="MicrosoftPortalWebForms (9.2.2001.0)" />
        <Dependent key="13" type="1" schemaName="systemuser" displayName="User" />
      </MissingDependency>
      <MissingDependency>
        <Required key="14" type="1" schemaName="adx_portallanguage" displayName="Portal Language" solution="MicrosoftPortalBase (9.2.2001.0)" />
        <Dependent key="15" type="10" schemaName="adx_portallanguage_contact" displayName="adx_portallanguage_contact" parentSchemaName="adx_portallanguage" parentDisplayName="Portal Language" />
      </MissingDependency>
      <MissingDependency>
        <Required key="16" type="2" schemaName="adx_name" displayName="Name" parentSchemaName="adx_portallanguage" parentDisplayName="Portal Language" solution="MicrosoftPortalBase (9.2.2001.0)" />
        <Dependent key="15" type="10" schemaName="adx_portallanguage_contact" displayName="adx_portallanguage_contact" parentSchemaName="adx_portallanguage" parentDisplayName="Portal Language" />
      </MissingDependency>
      <MissingDependency>
        <Required key="17" type="2" schemaName="adx_portallanguageid" displayName="Portal Language" parentSchemaName="adx_portallanguage" parentDisplayName="Portal Language" solution="MicrosoftPortalBase (9.2.2001.0)" />
        <Dependent key="15" type="10" schemaName="adx_portallanguage_contact" displayName="adx_portallanguage_contact" parentSchemaName="adx_portallanguage" parentDisplayName="Portal Language" />
      </MissingDependency>
      <MissingDependency>
        <Required key="18" type="2" schemaName="adx_preferredlanguageid" displayName="Preferred Language" parentSchemaName="contact" parentDisplayName="Contact" solution="MicrosoftPortalBase (9.2.2001.0)" />
        <Dependent key="15" type="10" schemaName="adx_portallanguage_contact" displayName="adx_portallanguage_contact" parentSchemaName="adx_portallanguage" parentDisplayName="Portal Language" />
      </MissingDependency>
      <MissingDependency>
        <Required key="15" type="10" schemaName="adx_portallanguage_contact" displayName="adx_portallanguage_contact" parentSchemaName="adx_portallanguage" parentDisplayName="Portal Language" solution="MicrosoftPortalBase (9.2.2001.0)" />
        <Dependent key="15" type="10" schemaName="adx_portallanguage_contact" displayName="adx_portallanguage_contact" parentSchemaName="adx_portallanguage" parentDisplayName="Portal Language" />
      </MissingDependency>
      <MissingDependency>
        <Required key="19" type="2" schemaName="msa_managingpartnerid" displayName="Managing Partner" parentSchemaName="contact" parentDisplayName="Contact" solution="MicrosoftPortalDependencies (9.2.10.0)" />
        <Dependent key="20" type="2" schemaName="parentcustomerid" displayName="Company Name" parentSchemaName="contact" parentDisplayName="Contact" />
      </MissingDependency>
      <MissingDependency>
        <Required key="15" type="10" schemaName="adx_portallanguage_contact" displayName="adx_portallanguage_contact" parentSchemaName="adx_portallanguage" parentDisplayName="Portal Language" solution="MicrosoftPortalBase (9.2.2001.0)" />
        <Dependent key="21" type="2" schemaName="adx_preferredlanguageidname" parentSchemaName="contact" parentDisplayName="Contact" />
      </MissingDependency>
      <MissingDependency>
        <Required key="22" type="10" schemaName="msa_contact_managingpartner" displayName="msa_contact_managingpartner" parentSchemaName="account" parentDisplayName="Account" solution="MicrosoftPortalDependencies (9.2.10.0)" />
        <Dependent key="23" type="2" schemaName="msa_managingpartneridyominame" parentSchemaName="contact" parentDisplayName="Contact" />
      </MissingDependency>
      <MissingDependency>
        <Required key="22" type="10" schemaName="msa_contact_managingpartner" displayName="msa_contact_managingpartner" parentSchemaName="account" parentDisplayName="Account" solution="MicrosoftPortalDependencies (9.2.10.0)" />
        <Dependent key="24" type="2" schemaName="msa_managingpartneridname" parentSchemaName="contact" parentDisplayName="Contact" />
      </MissingDependency>
      <MissingDependency>
        <Required key="25" type="60" displayName="Information" parentDisplayName="Contact" solution="msdynce_AppCommon (9.0.4.0066)" id="{894cc46a-b0cb-4ab0-8bf6-200544e46a2d}" />
        <Dependent key="25" type="60" displayName="Information" parentDisplayName="Contact" id="{894cc46a-b0cb-4ab0-8bf6-200544e46a2d}" />
      </MissingDependency>
      <MissingDependency>
        <Required key="26" type="66" schemaName="MscrmControls.FlipSwitch.FlipSwitchControl" displayName="MscrmControls.FlipSwitch.FlipSwitchControl" solution="CustomControlsCore (9.1.0000.23759)" />
        <Dependent key="27" type="60" displayName="Information" parentDisplayName="Bulk Questionnaire Generation Order" id="{b5b04d09-f471-417f-9a4e-6a399a45a342}" />
      </MissingDependency>
      <MissingDependency>
        <Required key="28" type="66" schemaName="MscrmControls.FieldControls.ToggleControl" displayName="MscrmControls.FieldControls.ToggleControl" solution="BaseCustomControlsCore (9.0.2009.3007)" />
        <Dependent key="29" type="60" displayName="Information" parentDisplayName="Jury Question" id="{75e9eb40-eb7d-4b59-bbe0-c8d966c358f7}" />
      </MissingDependency>
      <MissingDependency>
        <Required key="30" type="61" schemaName="msdyn_/Icons/AnalysisJob.svg" displayName="msdyn_/Icons/AnalysisJob.svg" solution="msdyn_PowerAppsChecker (1.2.0.34)" />
        <Dependent key="31" type="62" schemaName="crc7a_COJudicialCourtQuestionnaireMgmt" />
      </MissingDependency>
      <MissingDependency>
        <Required key="32" type="61" schemaName="msdyn_/Images/AppModule_Default_Icon.png" displayName="msdyn_/Images/AppModule_Default_Icon.png" solution="AppModuleWebResources (2.5)" />
        <Dependent key="33" type="80" schemaName="crc7a_COJudicialCourtQuestionnaireMgmt" displayName="CO Judicial Court Questionnaire Mgmt" />
      </MissingDependency>
    </MissingDependencies>
  </SolutionManifest>
</ImportExportXml>