{
  "properties": {
    "connectionReferences": {
      "shared_commondataserviceforapps": {
        "runtimeSource": "embedded",
        "connection": {
          "connectionReferenceLogicalName": "kiosk_sharedcommondataserviceforapps_57276"
        },
        "api": {
          "name": "shared_commondataserviceforapps"
        }
      },
      "shared_flowpush": {
        "runtimeSource": "embedded",
        "connection": {
          "connectionReferenceLogicalName": "kiosk_sharedflowpush_79cd5"
        },
        "api": {
          "name": "shared_flowpush"
        }
      }
    },
    "definition": {
      "$schema": "https://schema.management.azure.com/providers/Microsoft.Logic/schemas/2016-06-01/workflowdefinition.json#",
      "contentVersion": "1.0.0.0",
      "parameters": {
        "$connections": {
          "defaultValue": {},
          "type": "Object"
        },
        "$authentication": {
          "defaultValue": {},
          "type": "SecureObject"
        }
      },
      "triggers": {
        "When_a_row_is_added,_modified_or_deleted": {
          "metadata": {
            "operationMetadataId": "f5bf7654-62bc-4a72-bddf-0f6b743a3a8b"
          },
          "type": "OpenApiConnectionWebhook",
          "inputs": {
            "host": {
              "connectionName": "shared_commondataserviceforapps",
              "operationId": "SubscribeWebhookTrigger",
              "apiId": "/providers/Microsoft.PowerApps/apis/shared_commondataserviceforapps"
            },
            "parameters": {
              "subscriptionRequest/message": 1,
              "subscriptionRequest/entityname": "kiosk_paroleecheckin",
              "subscriptionRequest/scope": 4
            },
            "authentication": "@parameters('$authentication')"
          }
        }
      },
      "actions": {
        "Send_me_a_mobile_notification": {
          "runAfter": {
            "Get_parolee": [
              "Succeeded"
            ]
          },
          "metadata": {
            "operationMetadataId": "f6796796-8c3f-472f-a4c1-f178150845e9"
          },
          "type": "OpenApiConnection",
          "inputs": {
            "host": {
              "connectionName": "shared_flowpush",
              "operationId": "SendNotification",
              "apiId": "/providers/Microsoft.PowerApps/apis/shared_flowpush"
            },
            "parameters": {
              "NotificationDefinition/notificationText": "Your parolee, @{outputs('Get_parolee')?['body/fullname']}, has checked in!"
            },
            "authentication": "@parameters('$authentication')"
          }
        },
        "Get_parolee": {
          "runAfter": {},
          "metadata": {
            "operationMetadataId": "77da43dc-54b2-42d3-971c-bf90dfa0471c"
          },
          "type": "OpenApiConnection",
          "inputs": {
            "host": {
              "connectionName": "shared_commondataserviceforapps",
              "operationId": "GetItem",
              "apiId": "/providers/Microsoft.PowerApps/apis/shared_commondataserviceforapps"
            },
            "parameters": {
              "entityName": "contacts",
              "recordId": "@triggerOutputs()?['body/_kiosk_parolee_value']"
            },
            "authentication": "@parameters('$authentication')"
          }
        }
      }
    }
  },
  "schemaVersion": "1.0.0.0"
}