<ImportExportXml version="9.1.0.23759" SolutionPackageVersion="9.1" languagecode="1033" generatedBy="CrmLive" xmlns:xsi="http://www.w3.org/2001/XMLSchema-instance">
  <SolutionManifest>
    <UniqueName>RequestforLeave</UniqueName>
    <LocalizedNames>
      <LocalizedName description="Request for Leave" languagecode="1033" />
    </LocalizedNames>
    <Descriptions />
    <Version>1.0.0.3</Version>
    <Managed>0</Managed>
    <Publisher>
      <UniqueName>requestforleave</UniqueName>
      <LocalizedNames>
        <LocalizedName description="Request for Leave" languagecode="1033" />
      </LocalizedNames>
      <Descriptions />
      <EMailAddress xsi:nil="true"></EMailAddress>
      <SupportingWebsiteUrl xsi:nil="true"></SupportingWebsiteUrl>
      <CustomizationPrefix>rfl</CustomizationPrefix>
      <CustomizationOptionValuePrefix>22874</CustomizationOptionValuePrefix>
      <Addresses>
        <Address>
          <AddressNumber>1</AddressNumber>
          <AddressTypeCode>1</AddressTypeCode>
          <City xsi:nil="true"></City>
          <County xsi:nil="true"></County>
          <Country xsi:nil="true"></Country>
          <Fax xsi:nil="true"></Fax>
          <FreightTermsCode xsi:nil="true"></FreightTermsCode>
          <ImportSequenceNumber xsi:nil="true"></ImportSequenceNumber>
          <Latitude xsi:nil="true"></Latitude>
          <Line1 xsi:nil="true"></Line1>
          <Line2 xsi:nil="true"></Line2>
          <Line3 xsi:nil="true"></Line3>
          <Longitude xsi:nil="true"></Longitude>
          <Name xsi:nil="true"></Name>
          <PostalCode xsi:nil="true"></PostalCode>
          <PostOfficeBox xsi:nil="true"></PostOfficeBox>
          <PrimaryContactName xsi:nil="true"></PrimaryContactName>
          <ShippingMethodCode>1</ShippingMethodCode>
          <StateOrProvince xsi:nil="true"></StateOrProvince>
          <Telephone1 xsi:nil="true"></Telephone1>
          <Telephone2 xsi:nil="true"></Telephone2>
          <Telephone3 xsi:nil="true"></Telephone3>
          <TimeZoneRuleVersionNumber xsi:nil="true"></TimeZoneRuleVersionNumber>
          <UPSZone xsi:nil="true"></UPSZone>
          <UTCOffset xsi:nil="true"></UTCOffset>
          <UTCConversionTimeZoneCode xsi:nil="true"></UTCConversionTimeZoneCode>
        </Address>
        <Address>
          <AddressNumber>2</AddressNumber>
          <AddressTypeCode>1</AddressTypeCode>
          <City xsi:nil="true"></City>
          <County xsi:nil="true"></County>
          <Country xsi:nil="true"></Country>
          <Fax xsi:nil="true"></Fax>
          <FreightTermsCode xsi:nil="true"></FreightTermsCode>
          <ImportSequenceNumber xsi:nil="true"></ImportSequenceNumber>
          <Latitude xsi:nil="true"></Latitude>
          <Line1 xsi:nil="true"></Line1>
          <Line2 xsi:nil="true"></Line2>
          <Line3 xsi:nil="true"></Line3>
          <Longitude xsi:nil="true"></Longitude>
          <Name xsi:nil="true"></Name>
          <PostalCode xsi:nil="true"></PostalCode>
          <PostOfficeBox xsi:nil="true"></PostOfficeBox>
          <PrimaryContactName xsi:nil="true"></PrimaryContactName>
          <ShippingMethodCode>1</ShippingMethodCode>
          <StateOrProvince xsi:nil="true"></StateOrProvince>
          <Telephone1 xsi:nil="true"></Telephone1>
          <Telephone2 xsi:nil="true"></Telephone2>
          <Telephone3 xsi:nil="true"></Telephone3>
          <TimeZoneRuleVersionNumber xsi:nil="true"></TimeZoneRuleVersionNumber>
          <UPSZone xsi:nil="true"></UPSZone>
          <UTCOffset xsi:nil="true"></UTCOffset>
          <UTCConversionTimeZoneCode xsi:nil="true"></UTCConversionTimeZoneCode>
        </Address>
      </Addresses>
    </Publisher>
    <RootComponents>
      <RootComponent type="1" schemaName="new_leaverequestapprovalprocess" behavior="0" />
      <RootComponent type="1" schemaName="rfl_bulkleaverequestorder" behavior="0" />
      <RootComponent type="1" schemaName="rfl_employeeleavereportingaggregate" behavior="0" />
      <RootComponent type="1" schemaName="rfl_leaverequest" behavior="0" />
      <RootComponent type="1" schemaName="rfl_leavetime" behavior="0" />
      <RootComponent type="1" schemaName="systemuser" behavior="0" />
      <RootComponent type="9" schemaName="rfl_approvalstatus" behavior="0" />
      <RootComponent type="9" schemaName="rfl_leavetype" behavior="0" />
      <RootComponent type="29" id="{13d54aca-acdd-ea11-a813-000d3a579c38}" behavior="0" />
      <RootComponent type="29" id="{2a6ce930-31ed-ea11-a817-0022481cfe77}" behavior="0" />
      <RootComponent type="29" id="{635686ed-96e1-ea11-a813-000d3a579c38}" behavior="0" />
      <RootComponent type="29" id="{654fd56f-9dec-ea11-a817-0022481cfe77}" behavior="0" />
      <RootComponent type="29" id="{8b008360-efd8-ea11-a813-000d3a579c38}" behavior="0" />
      <RootComponent type="29" id="{b38a978d-beec-ea11-a817-000d3a579c38}" behavior="0" />
      <RootComponent type="29" id="{d169f8f9-a3dd-ea11-a813-0022481cfe77}" behavior="0" />
      <RootComponent type="60" id="{2a349b73-e81f-4aa8-9e8c-8f3aed0b195e}" behavior="0" />
      <RootComponent type="60" id="{2b2a71cf-dddc-ea11-a813-000d3a579c38}" behavior="0" />
      <RootComponent type="60" id="{a19a432b-a3dd-ea11-a813-0022481cfe77}" behavior="0" />
      <RootComponent type="62" schemaName="rfl_LeaveRequestManagement" behavior="0" />
      <RootComponent type="62" schemaName="rfl_RequestingLeave" behavior="0" />
      <RootComponent type="80" schemaName="rfl_LeaveRequestManagement" behavior="0" />
      <RootComponent type="80" schemaName="rfl_RequestingLeave" behavior="0" />
      <RootComponent type="300" schemaName="rfl_leaverequestmobileapp_46a87" behavior="0" />
      <RootComponent type="300" schemaName="rfl_requestforleavemanagerdashboard_4ff8e" behavior="0" />
    </RootComponents>
    <MissingDependencies>
      <MissingDependency>
        <Required key="0" type="1" schemaName="bot" displayName="Chatbot" solution="PowerVirtualAgents (1.1.2.164)" />
        <Dependent key="1" type="1" schemaName="systemuser" displayName="User" />
      </MissingDependency>
      <MissingDependency>
        <Required key="2" type="61" schemaName="msdyn_/Images/AppModule_Default_Icon.png" displayName="msdyn_/Images/AppModule_Default_Icon.png" solution="AppModuleWebResources (2.5)" />
        <Dependent key="3" type="80" schemaName="rfl_LeaveRequestManagement" displayName="Leave Request Management" />
      </MissingDependency>
      <MissingDependency>
        <Required key="2" type="61" schemaName="msdyn_/Images/AppModule_Default_Icon.png" displayName="msdyn_/Images/AppModule_Default_Icon.png" solution="AppModuleWebResources (2.5)" />
        <Dependent key="4" type="80" schemaName="rfl_RequestingLeave" displayName="Requesting Leave" />
      </MissingDependency>
    </MissingDependencies>
  </SolutionManifest>
</ImportExportXml>