{"properties":{"connectionReferences":{"shared_commondataserviceforapps":{"runtimeSource":"embedded","connection":{},"api":{"name":"shared_commondataserviceforapps"}}},"definition":{"$schema":"https://schema.management.azure.com/providers/Microsoft.Logic/schemas/2016-06-01/workflowdefinition.json#","contentVersion":"1.0.0.0","parameters":{"$connections":{"defaultValue":{},"type":"Object"},"$authentication":{"defaultValue":{},"type":"SecureObject"}},"triggers":{"manual":{"type":"Request","kind":"Http","inputs":{"schema":{"type":"object","properties":{"UserGuid":{"type":"string"}}},"method":"POST"}}},"actions":{"Initialize_variable":{"runAfter":{},"type":"InitializeVariable","inputs":{"variables":[{"name":"TotalHoursOff","type":"float","value":0}]}},"Get_User":{"runAfter":{"Initialize_variable":["Succeeded"]},"type":"OpenApiConnection","inputs":{"host":{"connectionName":"shared_commondataserviceforapps","operationId":"GetItem","apiId":"/providers/Microsoft.PowerApps/apis/shared_commondataserviceforapps"},"parameters":{"entityName":"systemusers","recordId":"@triggerBody()?['UserGuid']"},"authentication":"@parameters('$authentication')"}},"Apply_to_each":{"foreach":"@outputs('List_leaves')?['body/value']","actions":{"Condition":{"actions":{"Increment_variable":{"runAfter":{},"type":"IncrementVariable","inputs":{"name":"TotalHoursOff","value":"@items('Apply_to_each')?['rfl_totaltimeoff']"}}},"runAfter":{},"expression":{"and":[{"equals":["@items('Apply_to_each')?['_owninguser_value']","@triggerBody()?['UserGuid']"]},{"equals":["@items('Apply_to_each')?['rfl_requestapprovalstatus']",228740001]}]},"type":"If"}},"runAfter":{"List_leaves":["Succeeded"]},"type":"Foreach"},"List_leaves":{"runAfter":{"Get_User":["Succeeded"]},"type":"OpenApiConnection","inputs":{"host":{"connectionName":"shared_commondataserviceforapps","operationId":"ListRecords","apiId":"/providers/Microsoft.PowerApps/apis/shared_commondataserviceforapps"},"parameters":{"entityName":"rfl_leaverequests"},"authentication":"@parameters('$authentication')"}},"Update_a_record":{"runAfter":{"Apply_to_each":["Succeeded"]},"type":"OpenApiConnection","inputs":{"host":{"connectionName":"shared_commondataserviceforapps","operationId":"UpdateRecord","apiId":"/providers/Microsoft.PowerApps/apis/shared_commondataserviceforapps"},"parameters":{"entityName":"systemusers","recordId":"@triggerBody()?['UserGuid']","item/rfl_totaltimeoff":"@variables('TotalHoursOff')"},"authentication":"@parameters('$authentication')"}}},"outputs":{}}},"schemaVersion":"1.0.0.0"}