{"properties":{"connectionReferences":{"shared_commondataserviceforapps":{"runtimeSource":"embedded","connection":{},"api":{"name":"shared_commondataserviceforapps"}},"shared_hanewich-20date-20to-20days-5f88a15eade427912d--41b08b038a7f9669":{"runtimeSource":"embedded","connection":{},"api":{"name":"shared_hanewich-20date-20to-20days-5f88a15eade427912d--41b08b038a7f9669"}}},"definition":{"$schema":"https://schema.management.azure.com/providers/Microsoft.Logic/schemas/2016-06-01/workflowdefinition.json#","contentVersion":"1.0.0.0","parameters":{"$connections":{"defaultValue":{},"type":"Object"},"$authentication":{"defaultValue":{},"type":"SecureObject"}},"triggers":{"manual":{"type":"Request","kind":"Http","inputs":{"schema":{"type":"object","properties":{"UserGuid":{"type":"string"}}}}}},"actions":{"Initialize_variable":{"runAfter":{},"type":"InitializeVariable","inputs":{"variables":[{"name":"SoonestSeen","type":"string"}]}},"List_Leave_Requests":{"runAfter":{"Initialize_variable_3":["Succeeded"]},"type":"OpenApiConnection","inputs":{"host":{"connectionName":"shared_commondataserviceforapps","operationId":"ListRecords","apiId":"/providers/Microsoft.PowerApps/apis/shared_commondataserviceforapps"},"parameters":{"entityName":"rfl_leaverequests"},"authentication":"@parameters('$authentication')"}},"NumOfDaysHolder":{"runAfter":{"Initialize_variable":["Succeeded"]},"type":"InitializeVariable","inputs":{"variables":[{"name":"NumOfDays","type":"integer","value":9999}]}},"Apply_to_each":{"foreach":"@outputs('List_Leave_Requests')?['body/value']","actions":{"Condition":{"actions":{"Apply_to_each_2":{"foreach":"@outputs('List_Leave_Times')?['body/value']","actions":{"Condition_2":{"actions":{"Is_After_Now":{"runAfter":{},"type":"OpenApiConnection","inputs":{"host":{"connectionName":"shared_hanewich-20date-20to-20days-5f88a15eade427912d--41b08b038a7f9669","operationId":"IsAfterNow","apiId":"/providers/Microsoft.PowerApps/apis/shared_hanewich-20date-20to-20days-5f88a15eade427912d--41b08b038a7f9669"},"parameters":{"date":"@items('Apply_to_each_2')?['rfl_startdatetime']"},"authentication":"@parameters('$authentication')"}},"Condition_3":{"actions":{"Date_to_Days":{"runAfter":{},"type":"OpenApiConnection","inputs":{"host":{"connectionName":"shared_hanewich-20date-20to-20days-5f88a15eade427912d--41b08b038a7f9669","operationId":"DateToDays","apiId":"/providers/Microsoft.PowerApps/apis/shared_hanewich-20date-20to-20days-5f88a15eade427912d--41b08b038a7f9669"},"parameters":{"date":"@items('Apply_to_each_2')?['rfl_startdatetime']"},"authentication":"@parameters('$authentication')"}},"Condition_4":{"actions":{"Set_variable":{"runAfter":{},"type":"SetVariable","inputs":{"name":"SoonestSeen","value":"@items('Apply_to_each')?['rfl_leaverequestid']"}},"Set_variable_2":{"runAfter":{"Set_variable":["Succeeded"]},"type":"SetVariable","inputs":{"name":"NextUpcomingLeaveStartDate","value":"@items('Apply_to_each_2')?['rfl_startdatetime']"}}},"runAfter":{"Date_to_Days":["Succeeded"]},"expression":{"lessOrEquals":["@outputs('Date_to_Days')?['body/NumberOfDays']","@variables('NumOfDays')"]},"type":"If"}},"runAfter":{"Is_After_Now":["Succeeded"]},"expression":{"equals":["@outputs('Is_After_Now')?['body/Value']",true]},"type":"If"}},"runAfter":{},"expression":{"equals":["@items('Apply_to_each_2')?['_rfl_parentleaverequest_value']","@items('Apply_to_each')?['rfl_leaverequestid']"]},"type":"If"}},"runAfter":{},"type":"Foreach"}},"runAfter":{},"expression":{"equals":["@items('Apply_to_each')?['_owninguser_value']","@triggerBody()?['UserGuid']"]},"type":"If"}},"runAfter":{"List_Leave_Times":["Succeeded"]},"type":"Foreach"},"List_Leave_Times":{"runAfter":{"List_Leave_Requests":["Succeeded"]},"type":"OpenApiConnection","inputs":{"host":{"connectionName":"shared_commondataserviceforapps","operationId":"ListRecords","apiId":"/providers/Microsoft.PowerApps/apis/shared_commondataserviceforapps"},"parameters":{"entityName":"rfl_leavetimes"},"authentication":"@parameters('$authentication')"}},"Get_the_winning_Leave_Request":{"runAfter":{"Apply_to_each":["Succeeded"]},"type":"OpenApiConnection","inputs":{"host":{"connectionName":"shared_commondataserviceforapps","operationId":"GetItem","apiId":"/providers/Microsoft.PowerApps/apis/shared_commondataserviceforapps"},"parameters":{"entityName":"rfl_leaverequests","recordId":"@variables('SoonestSeen')"},"authentication":"@parameters('$authentication')"}},"Update_a_record":{"runAfter":{"Initialize_variable_2":["Succeeded"]},"type":"OpenApiConnection","inputs":{"host":{"connectionName":"shared_commondataserviceforapps","operationId":"UpdateRecord","apiId":"/providers/Microsoft.PowerApps/apis/shared_commondataserviceforapps"},"parameters":{"entityName":"systemusers","recordId":"@triggerBody()?['UserGuid']","item/rfl_NextUpcomingLeave@odata.bind":"@variables('setter')","item/rfl_nextupcomingleavestartdate":"@variables('NextUpcomingLeaveStartDate')"},"authentication":"@parameters('$authentication')"}},"Initialize_variable_2":{"runAfter":{"Get_the_winning_Leave_Request":["Succeeded"]},"type":"InitializeVariable","inputs":{"variables":[{"name":"setter","type":"string","value":"rfl_leaverequests(@{variables('SoonestSeen')})"}]}},"Initialize_variable_3":{"runAfter":{"NumOfDaysHolder":["Succeeded"]},"type":"InitializeVariable","inputs":{"variables":[{"name":"NextUpcomingLeaveStartDate","type":"string"}]}}},"outputs":{}}},"schemaVersion":"1.0.0.0"}