{"properties":{"connectionReferences":{"shared_commondataserviceforapps":{"runtimeSource":"embedded","connection":{},"api":{"name":"shared_commondataserviceforapps"}}},"definition":{"$schema":"https://schema.management.azure.com/providers/Microsoft.Logic/schemas/2016-06-01/workflowdefinition.json#","contentVersion":"1.0.0.0","parameters":{"$connections":{"defaultValue":{},"type":"Object"},"$authentication":{"defaultValue":{},"type":"SecureObject"}},"triggers":{"Recurrence":{"recurrence":{"frequency":"Day","interval":1,"startTime":"2020-09-03T06:00:00Z"},"type":"Recurrence"}},"actions":{"Get_Users":{"runAfter":{},"type":"OpenApiConnection","inputs":{"host":{"connectionName":"shared_commondataserviceforapps","operationId":"ListRecords","apiId":"/providers/Microsoft.PowerApps/apis/shared_commondataserviceforapps"},"parameters":{"entityName":"systemusers"},"authentication":"@parameters('$authentication')"}},"Apply_to_each":{"foreach":"@outputs('Get_Users')?['body/value']","actions":{"Trigger_Flow:_Calculate_User's_Total_Hours_Used":{"runAfter":{},"type":"Http","inputs":{"method":"POST","uri":"https://prod-78.westus.logic.azure.com:443/workflows/2ee3c1fc7c3346bdb90c9062f3ecbff9/triggers/manual/paths/invoke?api-version=2016-06-01&sp=%2Ftriggers%2Fmanual%2Frun&sv=1.0&sig=61huvb5OS-IEbBY2hQbABDrPLdTtU8mlTQO8Z8knD54","headers":{"Content-Type":"application/json"},"body":{"UserGuid":"@{items('Apply_to_each')?['systemuserid']}"}}},"Trigger_Flow:_Get_User's_Next_Upcoming_Leave":{"runAfter":{"Trigger_Flow:_Calculate_User's_Total_Hours_Used":["Succeeded"]},"type":"Http","inputs":{"method":"POST","uri":"https://prod-100.westus.logic.azure.com:443/workflows/26a6a3811bc64dbd83e18cbaa87ae090/triggers/manual/paths/invoke?api-version=2016-06-01&sp=%2Ftriggers%2Fmanual%2Frun&sv=1.0&sig=oFOIriemT3CEAjQ6CQGhxrE4W91AYfx7ZqIEWs-ajVI","headers":{"Content-Type":"application/json"},"body":{"UserGuid":"@{items('Apply_to_each')?['systemuserid']}"}}}},"runAfter":{"Get_Users":["Succeeded"]},"type":"Foreach"}}}},"schemaVersion":"1.0.0.0"}