{"properties":{"connectionReferences":{"shared_commondataserviceforapps":{"runtimeSource":"embedded","connection":{},"api":{"name":"shared_commondataserviceforapps"}},"shared_sendmail":{"runtimeSource":"embedded","connection":{},"api":{"name":"shared_sendmail"}}},"definition":{"$schema":"https://schema.management.azure.com/providers/Microsoft.Logic/schemas/2016-06-01/workflowdefinition.json#","contentVersion":"1.0.0.0","parameters":{"$connections":{"defaultValue":{},"type":"Object"},"$authentication":{"defaultValue":{},"type":"SecureObject"}},"triggers":{"When_a_record_is_created,_updated_or_deleted":{"type":"OpenApiConnectionWebhook","inputs":{"host":{"connectionName":"shared_commondataserviceforapps","operationId":"SubscribeWebhookTrigger","apiId":"/providers/Microsoft.PowerApps/apis/shared_commondataserviceforapps"},"parameters":{"subscriptionRequest/message":3,"subscriptionRequest/entityname":"rfl_leaverequest","subscriptionRequest/scope":4},"authentication":"@parameters('$authentication')"}}},"actions":{"Condition":{"actions":{"Get_Requestor":{"runAfter":{},"type":"OpenApiConnection","inputs":{"host":{"connectionName":"shared_commondataserviceforapps","operationId":"GetItem","apiId":"/providers/Microsoft.PowerApps/apis/shared_commondataserviceforapps"},"parameters":{"entityName":"systemusers","recordId":"@triggerOutputs()?['body/_ownerid_value']"},"authentication":"@parameters('$authentication')"}},"Send_an_email_notification_(V3)":{"runAfter":{"Switch":["Succeeded"]},"type":"OpenApiConnection","inputs":{"host":{"connectionName":"shared_sendmail","operationId":"SendEmailV3","apiId":"/providers/Microsoft.PowerApps/apis/shared_sendmail"},"parameters":{"request/to":"@{outputs('Get_Requestor')?['body/internalemailaddress']};","request/subject":"Leave Request Status Updated","request/text":"<p>Hello @{outputs('Get_Requestor')?['body/fullname']},<br>\n<br>\nYour recent leave request (@{triggerOutputs()?['body/rfl_id']}) has been updated by the assigned approver, @{outputs('Get_Approver')?['body/fullname']}.<br>\n<br>\nNew Status: @{variables('ApprovalStatusStr')}</p>"},"authentication":"@parameters('$authentication')"}},"Get_Approver":{"runAfter":{"Get_Requestor":["Succeeded"]},"type":"OpenApiConnection","inputs":{"host":{"connectionName":"shared_commondataserviceforapps","operationId":"GetItem","apiId":"/providers/Microsoft.PowerApps/apis/shared_commondataserviceforapps"},"parameters":{"entityName":"systemusers","recordId":"@triggerOutputs()?['body/_rfl_approver_value']"},"authentication":"@parameters('$authentication')"}},"Switch":{"runAfter":{"Get_Approver":["Succeeded"]},"cases":{"Case":{"case":228740000,"actions":{"Set_variable":{"runAfter":{},"type":"SetVariable","inputs":{"name":"ApprovalStatusStr","value":"Pending"}}}},"Case_2":{"case":228740001,"actions":{"Set_variable_2":{"runAfter":{},"type":"SetVariable","inputs":{"name":"ApprovalStatusStr","value":"Approved"}}}},"Case_3":{"case":228740002,"actions":{"Set_variable_3":{"runAfter":{},"type":"SetVariable","inputs":{"name":"ApprovalStatusStr","value":"Denied"}}}}},"default":{"actions":{}},"expression":"@triggerOutputs()?['body/rfl_requestapprovalstatus']","type":"Switch"}},"runAfter":{"Initialize_variable":["Succeeded"]},"expression":{"not":{"equals":["@triggerOutputs()?['body/rfl_requestapprovalstatus']",228740000]}},"type":"If"},"Initialize_variable":{"runAfter":{},"type":"InitializeVariable","inputs":{"variables":[{"name":"ApprovalStatusStr","type":"string"}]}}},"outputs":{}}},"schemaVersion":"1.0.0.0"}