<ImportExportXml version="9.2.21064.148" SolutionPackageVersion="9.2" languagecode="1033" generatedBy="CrmLive" xmlns:xsi="http://www.w3.org/2001/XMLSchema-instance">
  <SolutionManifest>
    <UniqueName>GAGTAEPMOManagedInvestment</UniqueName>
    <LocalizedNames>
      <LocalizedName description="GA GTA EPMO Managed Investment" languagecode="1033" />
    </LocalizedNames>
    <Descriptions />
    <Version>1.0.0.6</Version>
    <Managed>0</Managed>
    <Publisher>
      <UniqueName>Cr7fab3</UniqueName>
      <LocalizedNames>
        <LocalizedName description="CDS Default Publisher" languagecode="1033" />
      </LocalizedNames>
      <Descriptions />
      <EMailAddress xsi:nil="true"></EMailAddress>
      <SupportingWebsiteUrl xsi:nil="true"></SupportingWebsiteUrl>
      <CustomizationPrefix>craf0</CustomizationPrefix>
      <CustomizationOptionValuePrefix>92486</CustomizationOptionValuePrefix>
      <Addresses>
        <Address>
          <AddressNumber>1</AddressNumber>
          <AddressTypeCode xsi:nil="true"></AddressTypeCode>
          <City xsi:nil="true"></City>
          <County xsi:nil="true"></County>
          <Country xsi:nil="true"></Country>
          <Fax xsi:nil="true"></Fax>
          <FreightTermsCode xsi:nil="true"></FreightTermsCode>
          <ImportSequenceNumber xsi:nil="true"></ImportSequenceNumber>
          <Latitude xsi:nil="true"></Latitude>
          <Line1 xsi:nil="true"></Line1>
          <Line2 xsi:nil="true"></Line2>
          <Line3 xsi:nil="true"></Line3>
          <Longitude xsi:nil="true"></Longitude>
          <Name xsi:nil="true"></Name>
          <PostalCode xsi:nil="true"></PostalCode>
          <PostOfficeBox xsi:nil="true"></PostOfficeBox>
          <PrimaryContactName xsi:nil="true"></PrimaryContactName>
          <ShippingMethodCode xsi:nil="true"></ShippingMethodCode>
          <StateOrProvince xsi:nil="true"></StateOrProvince>
          <Telephone1 xsi:nil="true"></Telephone1>
          <Telephone2 xsi:nil="true"></Telephone2>
          <Telephone3 xsi:nil="true"></Telephone3>
          <TimeZoneRuleVersionNumber xsi:nil="true"></TimeZoneRuleVersionNumber>
          <UPSZone xsi:nil="true"></UPSZone>
          <UTCOffset xsi:nil="true"></UTCOffset>
          <UTCConversionTimeZoneCode xsi:nil="true"></UTCConversionTimeZoneCode>
        </Address>
        <Address>
          <AddressNumber>2</AddressNumber>
          <AddressTypeCode xsi:nil="true"></AddressTypeCode>
          <City xsi:nil="true"></City>
          <County xsi:nil="true"></County>
          <Country xsi:nil="true"></Country>
          <Fax xsi:nil="true"></Fax>
          <FreightTermsCode xsi:nil="true"></FreightTermsCode>
          <ImportSequenceNumber xsi:nil="true"></ImportSequenceNumber>
          <Latitude xsi:nil="true"></Latitude>
          <Line1 xsi:nil="true"></Line1>
          <Line2 xsi:nil="true"></Line2>
          <Line3 xsi:nil="true"></Line3>
          <Longitude xsi:nil="true"></Longitude>
          <Name xsi:nil="true"></Name>
          <PostalCode xsi:nil="true"></PostalCode>
          <PostOfficeBox xsi:nil="true"></PostOfficeBox>
          <PrimaryContactName xsi:nil="true"></PrimaryContactName>
          <ShippingMethodCode xsi:nil="true"></ShippingMethodCode>
          <StateOrProvince xsi:nil="true"></StateOrProvince>
          <Telephone1 xsi:nil="true"></Telephone1>
          <Telephone2 xsi:nil="true"></Telephone2>
          <Telephone3 xsi:nil="true"></Telephone3>
          <TimeZoneRuleVersionNumber xsi:nil="true"></TimeZoneRuleVersionNumber>
          <UPSZone xsi:nil="true"></UPSZone>
          <UTCOffset xsi:nil="true"></UTCOffset>
          <UTCConversionTimeZoneCode xsi:nil="true"></UTCConversionTimeZoneCode>
        </Address>
      </Addresses>
    </Publisher>
    <RootComponents>
      <RootComponent type="1" schemaName="craf0_agency" behavior="0" />
      <RootComponent type="1" schemaName="craf0_alternativeandanalysis" behavior="0" />
      <RootComponent type="1" schemaName="craf0_managedinvestment" behavior="0" />
      <RootComponent type="1" schemaName="craf0_reviewletter" behavior="0" />
      <RootComponent type="1" schemaName="craf0_reviewrecommendation" behavior="0" />
      <RootComponent type="1" schemaName="new_businesscaseflow" behavior="0" />
      <RootComponent type="1" schemaName="new_pinflow" behavior="0" />
      <RootComponent type="1" schemaName="systemuser" behavior="0" />
      <RootComponent type="9" schemaName="craf0_agencyinvestmentprocessstage" behavior="0" />
      <RootComponent type="9" schemaName="craf0_businessneed" behavior="0" />
      <RootComponent type="9" schemaName="craf0_fundingstatus" behavior="0" />
      <RootComponent type="9" schemaName="craf0_fundsrequiredestimate" behavior="0" />
      <RootComponent type="9" schemaName="craf0_investmentbenefit" behavior="0" />
      <RootComponent type="9" schemaName="craf0_investmentdrivers" behavior="0" />
      <RootComponent type="9" schemaName="craf0_investmentfundingsource" behavior="0" />
      <RootComponent type="9" schemaName="craf0_managedinvestmentlevel" behavior="0" />
      <RootComponent type="9" schemaName="craf0_newtechnologyextent" behavior="0" />
      <RootComponent type="9" schemaName="craf0_projectduration" behavior="0" />
      <RootComponent type="9" schemaName="craf0_projecttimeconstraintreason" behavior="0" />
      <RootComponent type="9" schemaName="craf0_projecttype" behavior="0" />
      <RootComponent type="9" schemaName="craf0_riskarea" behavior="0" />
      <RootComponent type="9" schemaName="craf0_technologysolutiontype" behavior="0" />
      <RootComponent type="29" id="{75cd850b-25bf-4c6d-94ae-4511d5a613dc}" behavior="0" />
      <RootComponent type="29" id="{d46d8aa1-5847-4dc1-9bd6-3663c2d0f46a}" behavior="0" />
      <RootComponent type="60" id="{03f25682-5aff-499a-ba78-d4c3769dc5aa}" behavior="0" />
      <RootComponent type="60" id="{4d1f7044-4fe9-eb11-bacb-000d3a34ed77}" behavior="0" />
      <RootComponent type="60" id="{5c7f45f2-727f-4993-9d59-15d27330549e}" behavior="0" />
      <RootComponent type="60" id="{611662a2-51e9-eb11-bacb-000d3a34ed77}" behavior="0" />
      <RootComponent type="60" id="{89cbf5c0-fd14-4795-b98f-0081e360e718}" behavior="0" />
      <RootComponent type="60" id="{bb7e9776-66a9-4d36-aac2-2edea23f3643}" behavior="0" />
      <RootComponent type="60" id="{c2cd9e55-d4b4-4b55-9951-16ead79643e5}" behavior="0" />
      <RootComponent type="60" id="{eb5efeb6-0130-46e5-8182-9984bc6bfb65}" behavior="0" />
      <RootComponent type="62" schemaName="craf0_EPMOTechnologyInvestmentsManager" behavior="0" />
      <RootComponent type="80" schemaName="craf0_EPMOTechnologyInvestmentsManager" behavior="0" />
      <RootComponent type="300" schemaName="craf0_businesscasereporting_b39e4" behavior="0" />
      <RootComponent type="300" schemaName="craf0_reviewletteraccess_4c5ae" behavior="0" />
      <RootComponent type="300" schemaName="craf0_technologyinvestmentintake_20707" behavior="0" />
    </RootComponents>
    <MissingDependencies>
      <MissingDependency>
        <Required type="1" schemaName="appusersetting" displayName="Model-Driven App User Setting" solution="AppModule (9.1.21062.210604004)" />
        <Dependent type="1" schemaName="systemuser" displayName="User" />
      </MissingDependency>
      <MissingDependency>
        <Required type="1" schemaName="bot" displayName="Chatbot" solution="PowerVirtualAgents (1.1.2.365)" />
        <Dependent type="1" schemaName="systemuser" displayName="User" />
      </MissingDependency>
      <MissingDependency>
        <Required type="1" schemaName="usermobileofflineprofilemembership" displayName="UserMobileOfflineProfileMembership" solution="MobileOfflineMembership (1.0.0.2)" />
        <Dependent type="1" schemaName="systemuser" displayName="User" />
      </MissingDependency>
      <MissingDependency>
        <Required type="61" schemaName="msdyn_/Images/AppModule_Default_Icon.png" displayName="msdyn_/Images/AppModule_Default_Icon.png" solution="AppModuleWebResources (2.5)" />
        <Dependent type="80" schemaName="craf0_EPMOTechnologyInvestmentsManager" displayName="EPMO Technology Investments Manager" />
      </MissingDependency>
    </MissingDependencies>
  </SolutionManifest>
</ImportExportXml>