{"properties":{"connectionReferences":{"shared_commondataservice":{"runtimeSource":"embedded","connection":{},"api":{"name":"shared_commondataservice"}}},"definition":{"$schema":"https://schema.management.azure.com/providers/Microsoft.Logic/schemas/2016-06-01/workflowdefinition.json#","contentVersion":"1.0.0.0","parameters":{"$connections":{"defaultValue":{},"type":"Object"},"$authentication":{"defaultValue":{},"type":"SecureObject"}},"triggers":{"When_a_record_is_updated_2":{"type":"OpenApiConnectionWebhook","inputs":{"host":{"connectionName":"shared_commondataservice","operationId":"SubscribeOnUpdatedItems","apiId":"/providers/Microsoft.PowerApps/apis/shared_commondataservice"},"parameters":{"dataset":"default.cds","table":"crc7a_bulkquestionnairegenerationorders","scope":"Organization"},"authentication":"@parameters('$authentication')"}}},"actions":{"Condition":{"actions":{"Get_Court_Case":{"runAfter":{},"type":"OpenApiConnection","inputs":{"host":{"connectionName":"shared_commondataservice","operationId":"GetItem_V2","apiId":"/providers/Microsoft.PowerApps/apis/shared_commondataservice"},"parameters":{"dataset":"default.cds","table":"crc7a_courtcases","id":"@triggerOutputs()?['body/_crc7a_targetcourtcase_value']"},"authentication":"@parameters('$authentication')"}},"Get_all_contacts":{"runAfter":{"Get_Court_Case":["Succeeded"]},"type":"OpenApiConnection","inputs":{"host":{"connectionName":"shared_commondataservice","operationId":"GetItems_V2","apiId":"/providers/Microsoft.PowerApps/apis/shared_commondataservice"},"parameters":{"dataset":"default.cds","table":"contacts"},"authentication":"@parameters('$authentication')"}},"For_each_contact_-_check_if_it_is_attached_to_this_order":{"foreach":"@outputs('Get_all_contacts')?['body/value']","actions":{"If_it_is_attached":{"actions":{"Send_an_HTTP_Post_to_the_generation_flow":{"runAfter":{},"type":"Http","inputs":{"method":"POST","uri":"https://prod-88.westus.logic.azure.com:443/workflows/5896f31af70b4cbcbdcf0f4113de1bf0/triggers/manual/paths/invoke?api-version=2016-06-01&sp=%2Ftriggers%2Fmanual%2Frun&sv=1.0&sig=hCj4F-_gQXQtyGUCn57QVQMQH1jxy2xjJOujoMkA5pM","body":{"CourtCaseGuid":"@{outputs('Get_Court_Case')?['body/crc7a_courtcaseid']}","PortalContactGuid":"@{items('For_each_contact_-_check_if_it_is_attached_to_this_order')?['contactid']}"}}}},"runAfter":{},"expression":{"equals":["@items('For_each_contact_-_check_if_it_is_attached_to_this_order')?['_crc7a_questionnairegenerationorderincludedin_value']","@triggerOutputs()?['body/crc7a_bulkquestionnairegenerationorderid']"]},"type":"If"}},"runAfter":{"Get_all_contacts":["Succeeded"]},"type":"Foreach"},"Delete_the_bulk_request":{"runAfter":{"For_each_contact_-_check_if_it_is_attached_to_this_order":["Succeeded"]},"type":"OpenApiConnection","inputs":{"host":{"connectionName":"shared_commondataservice","operationId":"DeleteItem","apiId":"/providers/Microsoft.PowerApps/apis/shared_commondataservice"},"parameters":{"dataset":"default.cds","table":"crc7a_bulkquestionnairegenerationorders","id":"@triggerOutputs()?['body/crc7a_bulkquestionnairegenerationorderid']"},"authentication":"@parameters('$authentication')"}}},"runAfter":{},"expression":{"equals":["@triggerOutputs()?['body/crc7a_submitforgeneration']",true]},"type":"If"}},"outputs":{}}},"schemaVersion":"1.0.0.0"}