{"properties":{"connectionReferences":{"shared_commondataservice":{"runtimeSource":"embedded","connection":{},"api":{"name":"shared_commondataservice"}}},"definition":{"$schema":"https://schema.management.azure.com/providers/Microsoft.Logic/schemas/2016-06-01/workflowdefinition.json#","contentVersion":"1.0.0.0","parameters":{"$connections":{"defaultValue":{},"type":"Object"},"$authentication":{"defaultValue":{},"type":"SecureObject"}},"triggers":{"manual":{"type":"Request","kind":"Http","inputs":{"schema":{"type":"object","properties":{"CourtCaseGuid":{"type":"string"},"PortalContactGuid":{"type":"string"}}},"method":"POST"}}},"actions":{"Get_Court_Case":{"runAfter":{},"type":"OpenApiConnection","inputs":{"host":{"connectionName":"shared_commondataservice","operationId":"GetItem_V2","apiId":"/providers/Microsoft.PowerApps/apis/shared_commondataservice"},"parameters":{"dataset":"default.cds","table":"crc7a_courtcases","id":"@triggerBody()?['CourtCaseGuid']"},"authentication":"@parameters('$authentication')"}},"Create_new_questionnaire":{"runAfter":{"Get_Portal_Contact_for_assignment":["Succeeded"]},"type":"OpenApiConnection","inputs":{"host":{"connectionName":"shared_commondataservice","operationId":"PostItem_V2","apiId":"/providers/Microsoft.PowerApps/apis/shared_commondataservice"},"parameters":{"dataset":"default.cds","table":"crc7a_juryquestionnaires","item/_ownerid_type":"","item/_crc7a_owningportalcontact_value":"@outputs('Get_Portal_Contact_for_assignment')?['body/contactid']","item/_crc7a_parentcourtcase_value":"@outputs('Get_Court_Case')?['body/crc7a_courtcaseid']"},"authentication":"@parameters('$authentication')"}},"Get_all_Jury_Questions":{"runAfter":{"Create_new_questionnaire":["Succeeded"]},"type":"OpenApiConnection","inputs":{"host":{"connectionName":"shared_commondataservice","operationId":"GetItems_V2","apiId":"/providers/Microsoft.PowerApps/apis/shared_commondataservice"},"parameters":{"dataset":"default.cds","table":"crc7a_juryquestions"},"authentication":"@parameters('$authentication')"}},"Apply_to_each_2":{"foreach":"@outputs('Get_all_Jury_Questions')?['body/value']","actions":{"Condition":{"actions":{"Create_the_new_QA_pair":{"runAfter":{},"type":"OpenApiConnection","inputs":{"host":{"connectionName":"shared_commondataservice","operationId":"PostItem_V2","apiId":"/providers/Microsoft.PowerApps/apis/shared_commondataservice"},"parameters":{"dataset":"default.cds","table":"crc7a_questionanswerpairs","item/_ownerid_type":"","item/_crc7a_parentjuryquestionnaire_value":"@outputs('Create_new_questionnaire')?['body/crc7a_juryquestionnaireid']","item/_crc7a_referencedquestion_value":"@items('Apply_to_each_2')?['crc7a_juryquestionid']"},"authentication":"@parameters('$authentication')"}}},"runAfter":{},"expression":{"equals":["@items('Apply_to_each_2')?['crc7a_iscommon']",true]},"type":"If"}},"runAfter":{"Get_all_Jury_Questions":["Succeeded"]},"type":"Foreach"},"Get_Portal_Contact_for_assignment":{"runAfter":{"Get_Court_Case":["Succeeded"]},"type":"OpenApiConnection","inputs":{"host":{"connectionName":"shared_commondataservice","operationId":"GetItem_V2","apiId":"/providers/Microsoft.PowerApps/apis/shared_commondataservice"},"parameters":{"dataset":"default.cds","table":"contacts","id":"@triggerBody()?['PortalContactGuid']"},"authentication":"@parameters('$authentication')"}},"Apply_to_each":{"foreach":"@outputs('Get_all_Jury_Questions')?['body/value']","actions":{"Condition_2":{"actions":{"Create_a_new_record":{"runAfter":{},"type":"OpenApiConnection","inputs":{"host":{"connectionName":"shared_commondataservice","operationId":"PostItem_V2","apiId":"/providers/Microsoft.PowerApps/apis/shared_commondataservice"},"parameters":{"dataset":"default.cds","table":"crc7a_questionanswerpairs","item/_ownerid_type":"","item/_crc7a_parentjuryquestionnaire_value":"@outputs('Create_new_questionnaire')?['body/crc7a_juryquestionnaireid']","item/_crc7a_referencedquestion_value":"@items('Apply_to_each')?['crc7a_juryquestionid']"},"authentication":"@parameters('$authentication')"}}},"runAfter":{},"expression":{"equals":["@items('Apply_to_each')?['_crc7a_specificcase_value']","@outputs('Get_Court_Case')?['body/crc7a_courtcaseid']"]},"type":"If"}},"runAfter":{"Apply_to_each_2":["Succeeded"]},"type":"Foreach"}},"outputs":{}}},"schemaVersion":"1.0.0.0"}