{"properties":{"connectionReferences":{"shared_commondataservice":{"runtimeSource":"invoker","connection":{},"api":{"name":"shared_commondataservice"}}},"definition":{"$schema":"https://schema.management.azure.com/providers/Microsoft.Logic/schemas/2016-06-01/workflowdefinition.json#","contentVersion":"1.0.0.0","parameters":{"$connections":{"defaultValue":{},"type":"Object"},"$authentication":{"defaultValue":{},"type":"SecureObject"}},"triggers":{"manual":{"type":"Request","kind":"Button","inputs":{"schema":{"type":"object","properties":{"text":{"title":"Court Case Identifier","type":"string","x-ms-dynamically-added":true,"description":"The unique GUID value of the Court Case you are making a Jury Questionnaire for","x-ms-content-hint":"TEXT"},"text_1":{"title":"Portal Contact Identifier","type":"string","x-ms-dynamically-added":true,"description":"The unique GUID value of the Portal Contact (jury member) that you are assigning the Jury Questionnaire to","x-ms-content-hint":"TEXT"}},"required":["text","text_1"]}}}},"actions":{"Get_Court_Case":{"runAfter":{},"type":"OpenApiConnection","inputs":{"host":{"connectionName":"shared_commondataservice","operationId":"GetItem_V2","apiId":"/providers/Microsoft.PowerApps/apis/shared_commondataservice"},"parameters":{"dataset":"default.cds","table":"crc7a_courtcases","id":"@triggerBody()['text']"},"authentication":{"type":"Raw","value":"@json(decodeBase64(triggerOutputs().headers['X-MS-APIM-Tokens']))['$ConnectionKey']"}}},"Create_new_questionnaire":{"runAfter":{"Get_Portal_Contact_for_assignment":["Succeeded"]},"type":"OpenApiConnection","inputs":{"host":{"connectionName":"shared_commondataservice","operationId":"PostItem_V2","apiId":"/providers/Microsoft.PowerApps/apis/shared_commondataservice"},"parameters":{"dataset":"default.cds","table":"crc7a_juryquestionnaires","item/_ownerid_type":"","item/_crc7a_owningportalcontact_value":"@outputs('Get_Portal_Contact_for_assignment')?['body/contactid']","item/_crc7a_parentcourtcase_value":"@outputs('Get_Court_Case')?['body/crc7a_courtcaseid']"},"authentication":{"type":"Raw","value":"@json(decodeBase64(triggerOutputs().headers['X-MS-APIM-Tokens']))['$ConnectionKey']"}}},"Get_all_Jury_Questions":{"runAfter":{"Create_new_questionnaire":["Succeeded"]},"type":"OpenApiConnection","inputs":{"host":{"connectionName":"shared_commondataservice","operationId":"GetItems_V2","apiId":"/providers/Microsoft.PowerApps/apis/shared_commondataservice"},"parameters":{"dataset":"default.cds","table":"crc7a_juryquestions"},"authentication":{"type":"Raw","value":"@json(decodeBase64(triggerOutputs().headers['X-MS-APIM-Tokens']))['$ConnectionKey']"}}},"Apply_to_each_2":{"foreach":"@outputs('Get_all_Jury_Questions')?['body/value']","actions":{"Condition":{"actions":{"Create_the_new_QA_pair":{"runAfter":{},"type":"OpenApiConnection","inputs":{"host":{"connectionName":"shared_commondataservice","operationId":"PostItem_V2","apiId":"/providers/Microsoft.PowerApps/apis/shared_commondataservice"},"parameters":{"dataset":"default.cds","table":"crc7a_questionanswerpairs","item/_ownerid_type":"","item/_crc7a_parentjuryquestionnaire_value":"@outputs('Create_new_questionnaire')?['body/crc7a_juryquestionnaireid']","item/_crc7a_referencedquestion_value":"@items('Apply_to_each_2')?['crc7a_juryquestionid']"},"authentication":{"type":"Raw","value":"@json(decodeBase64(triggerOutputs().headers['X-MS-APIM-Tokens']))['$ConnectionKey']"}}}},"runAfter":{},"expression":{"or":[{"equals":["@items('Apply_to_each_2')?['crc7a_iscommon']",true]},{"equals":["@items('Apply_to_each_2')?['_crc7a_specificcase_value']","@triggerBody()['text']"]}]},"type":"If"}},"runAfter":{"Get_all_Jury_Questions":["Succeeded"]},"type":"Foreach"},"Get_Portal_Contact_for_assignment":{"runAfter":{"Get_Court_Case":["Succeeded"]},"type":"OpenApiConnection","inputs":{"host":{"connectionName":"shared_commondataservice","operationId":"GetItem_V2","apiId":"/providers/Microsoft.PowerApps/apis/shared_commondataservice"},"parameters":{"dataset":"default.cds","table":"contacts","id":"@triggerBody()['text_1']"},"authentication":{"type":"Raw","value":"@json(decodeBase64(triggerOutputs().headers['X-MS-APIM-Tokens']))['$ConnectionKey']"}}}},"outputs":{}}},"schemaVersion":"1.0.0.0"}