<ImportExportXml version="9.2.22032.150" SolutionPackageVersion="9.2" languagecode="1033" generatedBy="CrmLive" xmlns:xsi="http://www.w3.org/2001/XMLSchema-instance">
  <SolutionManifest>
    <UniqueName>ImmuTrack</UniqueName>
    <LocalizedNames>
      <LocalizedName description="ImmuTrack" languagecode="1033" />
    </LocalizedNames>
    <Descriptions />
    <Version>1.0.0.3</Version>
    <Managed>0</Managed>
    <Publisher>
      <UniqueName>immutrackpublisher</UniqueName>
      <LocalizedNames>
        <LocalizedName description="ImmuTrack Publisher" languagecode="1033" />
      </LocalizedNames>
      <Descriptions />
      <EMailAddress xsi:nil="true"></EMailAddress>
      <SupportingWebsiteUrl xsi:nil="true"></SupportingWebsiteUrl>
      <CustomizationPrefix>immu</CustomizationPrefix>
      <CustomizationOptionValuePrefix>54254</CustomizationOptionValuePrefix>
      <Addresses>
        <Address>
          <AddressNumber>1</AddressNumber>
          <AddressTypeCode>1</AddressTypeCode>
          <City xsi:nil="true"></City>
          <County xsi:nil="true"></County>
          <Country xsi:nil="true"></Country>
          <Fax xsi:nil="true"></Fax>
          <FreightTermsCode xsi:nil="true"></FreightTermsCode>
          <ImportSequenceNumber xsi:nil="true"></ImportSequenceNumber>
          <Latitude xsi:nil="true"></Latitude>
          <Line1 xsi:nil="true"></Line1>
          <Line2 xsi:nil="true"></Line2>
          <Line3 xsi:nil="true"></Line3>
          <Longitude xsi:nil="true"></Longitude>
          <Name xsi:nil="true"></Name>
          <PostalCode xsi:nil="true"></PostalCode>
          <PostOfficeBox xsi:nil="true"></PostOfficeBox>
          <PrimaryContactName xsi:nil="true"></PrimaryContactName>
          <ShippingMethodCode>1</ShippingMethodCode>
          <StateOrProvince xsi:nil="true"></StateOrProvince>
          <Telephone1 xsi:nil="true"></Telephone1>
          <Telephone2 xsi:nil="true"></Telephone2>
          <Telephone3 xsi:nil="true"></Telephone3>
          <TimeZoneRuleVersionNumber xsi:nil="true"></TimeZoneRuleVersionNumber>
          <UPSZone xsi:nil="true"></UPSZone>
          <UTCOffset xsi:nil="true"></UTCOffset>
          <UTCConversionTimeZoneCode xsi:nil="true"></UTCConversionTimeZoneCode>
        </Address>
        <Address>
          <AddressNumber>2</AddressNumber>
          <AddressTypeCode>1</AddressTypeCode>
          <City xsi:nil="true"></City>
          <County xsi:nil="true"></County>
          <Country xsi:nil="true"></Country>
          <Fax xsi:nil="true"></Fax>
          <FreightTermsCode xsi:nil="true"></FreightTermsCode>
          <ImportSequenceNumber xsi:nil="true"></ImportSequenceNumber>
          <Latitude xsi:nil="true"></Latitude>
          <Line1 xsi:nil="true"></Line1>
          <Line2 xsi:nil="true"></Line2>
          <Line3 xsi:nil="true"></Line3>
          <Longitude xsi:nil="true"></Longitude>
          <Name xsi:nil="true"></Name>
          <PostalCode xsi:nil="true"></PostalCode>
          <PostOfficeBox xsi:nil="true"></PostOfficeBox>
          <PrimaryContactName xsi:nil="true"></PrimaryContactName>
          <ShippingMethodCode>1</ShippingMethodCode>
          <StateOrProvince xsi:nil="true"></StateOrProvince>
          <Telephone1 xsi:nil="true"></Telephone1>
          <Telephone2 xsi:nil="true"></Telephone2>
          <Telephone3 xsi:nil="true"></Telephone3>
          <TimeZoneRuleVersionNumber xsi:nil="true"></TimeZoneRuleVersionNumber>
          <UPSZone xsi:nil="true"></UPSZone>
          <UTCOffset xsi:nil="true"></UTCOffset>
          <UTCConversionTimeZoneCode xsi:nil="true"></UTCConversionTimeZoneCode>
        </Address>
      </Addresses>
    </Publisher>
    <RootComponents>
      <RootComponent type="1" schemaName="contact" behavior="0" />
      <RootComponent type="1" schemaName="immu_contactinteraction" behavior="0" />
      <RootComponent type="1" schemaName="immu_medicalcondition" behavior="0" />
      <RootComponent type="1" schemaName="immu_patientmedicalcondition" behavior="0" />
      <RootComponent type="1" schemaName="immu_patientmessagingtemplate" behavior="0" />
      <RootComponent type="1" schemaName="immu_reachoutfrequency" behavior="0" />
      <RootComponent type="1" schemaName="incident" behavior="0" />
      <RootComponent type="9" schemaName="immu_communicationmedium" behavior="0" />
      <RootComponent type="9" schemaName="immu_conditionfrequency" behavior="0" />
      <RootComponent type="29" id="{02fb4e0f-13b4-eb11-8236-000d3a332b23}" behavior="0" />
      <RootComponent type="29" id="{8ba18c9b-14b4-eb11-8236-000d3a332b23}" behavior="0" />
      <RootComponent type="29" id="{df3f9b65-4bb4-eb11-8236-000d3a332583}" behavior="0" />
      <RootComponent type="29" id="{efc91eea-08b4-eb11-8236-000d3a332b23}" behavior="0" />
      <RootComponent type="60" id="{70ad8b15-e3f3-4d7d-9e4b-16cb4e51b484}" />
      <RootComponent type="60" id="{eb3748b8-5f90-4050-a039-8b7d279ad8fe}" />
      <RootComponent type="62" schemaName="cr8fd_ImmuTrack" behavior="0" />
      <RootComponent type="80" schemaName="cr8fd_ImmuTrack" behavior="0" />
      <RootComponent type="300" schemaName="immu_vaccinationprogressdashboard_3e659" behavior="0" />
    </RootComponents>
    <MissingDependencies>
      <MissingDependency>
        <Required type="1" schemaName="contract" displayName="Contract" solution="msdynce_Service (9.0.5.56)">
          <package>msdynce_ServiceAnchor (9.0.22033.3006)</package>
        </Required>
        <Dependent type="60" displayName="ImmuTrack Case Form" parentDisplayName="Vaccine Candidate" id="{09dc8c83-fab3-eb11-8236-000d3a332b23}" />
      </MissingDependency>
      <MissingDependency>
        <Required type="1" schemaName="contract" displayName="Contract" solution="msdynce_Service (9.0.5.56)">
          <package>msdynce_ServiceAnchor (9.0.22033.3006)</package>
        </Required>
        <Dependent type="60" displayName="Information" parentDisplayName="Vaccine Candidate" id="{f658c846-f74c-459b-b591-b97558958106}" />
      </MissingDependency>
      <MissingDependency>
        <Required type="1" schemaName="entitlement" displayName="Entitlement" solution="msdynce_Service (9.0.5.56)">
          <package>msdynce_ServiceAnchor (9.0.22033.3006)</package>
        </Required>
        <Dependent type="60" displayName="ImmuTrack contact form" parentDisplayName="Contact" id="{ac6a3ad5-c1b4-eb11-8236-000d3a332b23}" />
      </MissingDependency>
      <MissingDependency>
        <Required type="1" schemaName="incident" displayName="Vaccine Candidate" solution="msdynce_Service (9.0.5.56)">
          <package>msdynce_ServiceAnchor (9.0.22033.3006)</package>
        </Required>
        <Dependent type="1" schemaName="incident" displayName="Vaccine Candidate" />
      </MissingDependency>
      <MissingDependency>
        <Required type="1" schemaName="knowledgearticleincident" displayName="Knowledge Article Incident" solution="msdynce_Service (9.0.5.56)">
          <package>msdynce_ServiceAnchor (9.0.22033.3006)</package>
        </Required>
        <Dependent type="60" displayName="ImmuTrack Case Form" parentDisplayName="Vaccine Candidate" id="{09dc8c83-fab3-eb11-8236-000d3a332b23}" />
      </MissingDependency>
      <MissingDependency>
        <Required type="1" schemaName="msdyn_actual" displayName="Actual" solution="MicrosoftDynamicsScheduling (3.12.0.448)" />
        <Dependent type="1" schemaName="contact" displayName="Contact" />
      </MissingDependency>
      <MissingDependency>
        <Required type="1" schemaName="msdyn_aicontactsuggestion" displayName="Teams Contact Suggestion by AI" solution="msdyn_Collaboration (9.1.22033.10008)">
          <package>msdynce_OfficeProductivityAnchor (9.0.22033.10012)</package>
        </Required>
        <Dependent type="1" schemaName="incident" displayName="Vaccine Candidate" />
      </MissingDependency>
      <MissingDependency>
        <Required type="1" schemaName="msdyn_caseenrichment" displayName="Case Enrichment" solution="msdyn_CSIntelligence (1.0.0.104)">
          <package>msdynce_ServiceAnchor (9.0.22033.3006)</package>
        </Required>
        <Dependent type="1" schemaName="incident" displayName="Vaccine Candidate" />
      </MissingDependency>
      <MissingDependency>
        <Required type="1" schemaName="msdyn_casesuggestion" displayName="Case Suggestion" solution="msdyn_CSIntelligence (1.0.0.104)">
          <package>msdynce_ServiceAnchor (9.0.22033.3006)</package>
        </Required>
        <Dependent type="1" schemaName="incident" displayName="Vaccine Candidate" />
      </MissingDependency>
      <MissingDependency>
        <Required type="1" schemaName="msdyn_casesuggestionrequestpayload" displayName="Case Suggestion Request Payload" solution="msdyn_CSIntelligence (1.0.0.104)">
          <package>msdynce_ServiceAnchor (9.0.22033.3006)</package>
        </Required>
        <Dependent type="1" schemaName="incident" displayName="Vaccine Candidate" />
      </MissingDependency>
      <MissingDependency>
        <Required type="1" schemaName="msdyn_casetopic_incident" displayName="Case topic Incident mapping" solution="msdyn_AnalyticsForCS (1.1.22075.3)">
          <package>msdynce_ServiceAnchor (9.0.22033.3006)</package>
        </Required>
        <Dependent type="1" schemaName="incident" displayName="Vaccine Candidate" />
      </MissingDependency>
      <MissingDependency>
        <Required type="1" schemaName="msdyn_federatedarticleincident" displayName="Knowledge Federated Article Incident" solution="msdynce_KnowledgeManagementOnlineFeatures (9.0.22041.5035)">
          <package>msdynce_KnowledgeManagementAnchor (9.0.22041.5035)</package>
        </Required>
        <Dependent type="1" schemaName="incident" displayName="Vaccine Candidate" />
      </MissingDependency>
      <MissingDependency>
        <Required type="1" schemaName="msdyn_iotalert" displayName="IoT Alert" solution="IoTConnector (1.8.9.7)">
          <package>msdynce_ServiceAnchor (9.0.22033.3006)</package>
        </Required>
        <Dependent type="1" schemaName="incident" displayName="Vaccine Candidate" />
      </MissingDependency>
      <MissingDependency>
        <Required type="1" schemaName="msdyn_iotalert" displayName="IoT Alert" solution="IoTConnector (1.8.9.7)">
          <package>msdynce_ServiceAnchor (9.0.22033.3006)</package>
        </Required>
        <Dependent type="10" schemaName="msdyn_msdyn_iotalert_incident_IoTAlert" displayName="msdyn_msdyn_iotalert_incident_IoTAlert" parentSchemaName="msdyn_iotalert" parentDisplayName="IoT Alert" />
      </MissingDependency>
      <MissingDependency>
        <Required type="1" schemaName="msdyn_iottocaseprocess" displayName="IoT Alert to Case Process" solution="msdyn_ConnectedCustomerService (9.0.20115.1027)">
          <package>msdynce_ServiceAnchor (9.0.22033.3006)</package>
        </Required>
        <Dependent type="1" schemaName="incident" displayName="Vaccine Candidate" />
      </MissingDependency>
      <MissingDependency>
        <Required type="1" schemaName="msdyn_segment" displayName="Segment" solution="msdyn_segment (9.1.2203.2003)">
          <package>msdynce_SalesInsightsAnchor (9.0.22032.10011)</package>
        </Required>
        <Dependent type="10" schemaName="msdyn_msdyn_segment_contact" displayName="msdyn_msdyn_segment_contact" parentSchemaName="msdyn_segment" parentDisplayName="Segment" />
      </MissingDependency>
      <MissingDependency>
        <Required type="1" schemaName="msdyn_sequencetarget" displayName="Sequence Target" solution="msdyn_Sequence (9.1.2203.2001)">
          <package>msdynce_SalesInsightsAnchor (9.0.22032.10011)</package>
        </Required>
        <Dependent type="1" schemaName="contact" displayName="Contact" />
      </MissingDependency>
      <MissingDependency>
        <Required type="1" schemaName="msdyn_suggestioninteraction" displayName="Suggestion Interaction" solution="msdyn_CSIntelligence (1.0.0.104)">
          <package>msdynce_ServiceAnchor (9.0.22033.3006)</package>
        </Required>
        <Dependent type="1" schemaName="incident" displayName="Vaccine Candidate" />
      </MissingDependency>
      <MissingDependency>
        <Required type="1" schemaName="msdyn_suggestionrequestpayload" displayName="Suggestion request payload" solution="msdyn_CSIntelligence (1.0.0.104)">
          <package>msdynce_ServiceAnchor (9.0.22033.3006)</package>
        </Required>
        <Dependent type="1" schemaName="incident" displayName="Vaccine Candidate" />
      </MissingDependency>
      <MissingDependency>
        <Required type="1" schemaName="msdyn_swarm" displayName="Swarm" solution="msdyn_Swarming (9.0.22033.1021)">
          <package>msdyn_ServiceExtendedAnchor (9.0.22033.1021)</package>
        </Required>
        <Dependent type="1" schemaName="incident" displayName="Vaccine Candidate" />
      </MissingDependency>
      <MissingDependency>
        <Required type="1" schemaName="opportunity" displayName="Opportunity" solution="msdynce_Sales (9.0.4.0076)">
          <package>msdynce_SalesAnchor (9.0.22033.10003)</package>
        </Required>
        <Dependent type="60" displayName="ImmuTrack contact form" parentDisplayName="Contact" id="{ac6a3ad5-c1b4-eb11-8236-000d3a332b23}" />
      </MissingDependency>
      <MissingDependency>
        <Required type="10" schemaName="msdyn_msdyn_iotalert_incident_IoTAlert" displayName="msdyn_msdyn_iotalert_incident_IoTAlert" parentSchemaName="msdyn_iotalert" parentDisplayName="IoT Alert" solution="msdyn_ConnectedCustomerService (9.0.20115.1027)">
          <package>msdynce_ServiceAnchor (9.0.22033.3006)</package>
        </Required>
        <Dependent type="10" schemaName="msdyn_msdyn_iotalert_incident_IoTAlert" displayName="msdyn_msdyn_iotalert_incident_IoTAlert" parentSchemaName="msdyn_iotalert" parentDisplayName="IoT Alert" />
      </MissingDependency>
      <MissingDependency>
        <Required type="2" schemaName="businesscard" displayName="Business Card" parentSchemaName="contact" parentDisplayName="Contact" solution="msdynce_SalesPatch201904 (9.0.1912.1007)">
          <package>msdynce_SalesAnchor (9.0.22033.10003)</package>
        </Required>
        <Dependent type="60" displayName="ImmuTrack contact form" parentDisplayName="Contact" id="{ac6a3ad5-c1b4-eb11-8236-000d3a332b23}" />
      </MissingDependency>
      <MissingDependency>
        <Required type="2" schemaName="businesscardattributes" displayName="BusinessCardAttributes" parentSchemaName="contact" parentDisplayName="Contact" solution="msdynce_SalesPatch201904 (9.0.1912.1007)">
          <package>msdynce_SalesAnchor (9.0.22033.10003)</package>
        </Required>
        <Dependent type="60" displayName="ImmuTrack contact form" parentDisplayName="Contact" id="{ac6a3ad5-c1b4-eb11-8236-000d3a332b23}" />
      </MissingDependency>
      <MissingDependency>
        <Required type="2" schemaName="defaultpricelevelid" displayName="Price List" parentSchemaName="contact" parentDisplayName="Contact" solution="msdynce_ProductManagement (9.0.4.0066)">
          <package>msdynce_ProductManagementAnchor (9.0.22032.10001)</package>
        </Required>
        <Dependent type="60" displayName="Information" parentDisplayName="Contact" id="{894cc46a-b0cb-4ab0-8bf6-200544e46a2d}" />
      </MissingDependency>
      <MissingDependency>
        <Required type="2" schemaName="originatingleadid" displayName="Originating Lead" parentSchemaName="contact" parentDisplayName="Contact" solution="msdynce_LeadManagement (9.0.4.0066)">
          <package>msdynce_LeadManagementAnchor (9.0.22032.10001)</package>
        </Required>
        <Dependent type="60" displayName="Information" parentDisplayName="Contact" id="{894cc46a-b0cb-4ab0-8bf6-200544e46a2d}" />
      </MissingDependency>
      <MissingDependency>
        <Required type="2" schemaName="originatingleadid" displayName="Originating Lead" parentSchemaName="contact" parentDisplayName="Contact" solution="msdynce_LeadManagement (9.0.4.0066)">
          <package>msdynce_LeadManagementAnchor (9.0.22032.10001)</package>
        </Required>
        <Dependent type="60" displayName="ImmuTrack contact form" parentDisplayName="Contact" id="{ac6a3ad5-c1b4-eb11-8236-000d3a332b23}" />
      </MissingDependency>
      <MissingDependency>
        <Required type="2" schemaName="originatingleadid" displayName="Originating Lead" parentSchemaName="contact" parentDisplayName="Contact" solution="msdynce_LeadManagement (9.0.4.0066)">
          <package>msdynce_LeadManagementAnchor (9.0.22032.10001)</package>
        </Required>
        <Dependent type="60" displayName="Contact for Multisession experience" parentDisplayName="Contact" id="{e06af4d1-2812-45c7-a9c2-9fb73fee7bec}" />
      </MissingDependency>
      <MissingDependency>
        <Required type="2" schemaName="preferredequipmentid" displayName="Preferred Facility/Equipment" parentSchemaName="contact" parentDisplayName="Contact" solution="msdynce_Service (9.0.5.56)">
          <package>msdynce_ServiceAnchor (9.0.22033.3006)</package>
        </Required>
        <Dependent type="60" displayName="Information" parentDisplayName="Contact" id="{894cc46a-b0cb-4ab0-8bf6-200544e46a2d}" />
      </MissingDependency>
      <MissingDependency>
        <Required type="2" schemaName="preferredserviceid" displayName="Preferred Service" parentSchemaName="contact" parentDisplayName="Contact" solution="msdynce_Service (9.0.5.56)">
          <package>msdynce_ServiceAnchor (9.0.22033.3006)</package>
        </Required>
        <Dependent type="60" displayName="Information" parentDisplayName="Contact" id="{894cc46a-b0cb-4ab0-8bf6-200544e46a2d}" />
      </MissingDependency>
      <MissingDependency>
        <Required type="2" schemaName="blockedprofile" displayName="Blocked Profile" parentSchemaName="incident" parentDisplayName="Vaccine Candidate" solution="msdynce_Service (9.0.5.56)">
          <package>msdynce_ServiceAnchor (9.0.22033.3006)</package>
        </Required>
        <Dependent type="60" displayName="ImmuTrack Case Form" parentDisplayName="Vaccine Candidate" id="{09dc8c83-fab3-eb11-8236-000d3a332b23}" />
      </MissingDependency>
      <MissingDependency>
        <Required type="2" schemaName="caseorigincode" displayName="Origin" parentSchemaName="incident" parentDisplayName="Vaccine Candidate" solution="msdynce_Service (9.0.5.56)">
          <package>msdynce_ServiceAnchor (9.0.22033.3006)</package>
        </Required>
        <Dependent type="60" displayName="App for Outlook Case Quick Create" parentDisplayName="Vaccine Candidate" id="{ac33e173-6502-4816-ab48-c3eefd7be580}" />
      </MissingDependency>
      <MissingDependency>
        <Required type="2" schemaName="caseorigincode" displayName="Origin" parentSchemaName="incident" parentDisplayName="Vaccine Candidate" solution="msdynce_Service (9.0.5.56)">
          <package>msdynce_ServiceAnchor (9.0.22033.3006)</package>
        </Required>
        <Dependent type="60" displayName="Information" parentDisplayName="Vaccine Candidate" id="{f658c846-f74c-459b-b591-b97558958106}" />
      </MissingDependency>
      <MissingDependency>
        <Required type="2" schemaName="casetypecode" displayName="Case Type" parentSchemaName="incident" parentDisplayName="Vaccine Candidate" solution="msdynce_Service (9.0.5.56)">
          <package>msdynce_ServiceAnchor (9.0.22033.3006)</package>
        </Required>
        <Dependent type="60" displayName="ImmuTrack Case Form" parentDisplayName="Vaccine Candidate" id="{09dc8c83-fab3-eb11-8236-000d3a332b23}" />
      </MissingDependency>
      <MissingDependency>
        <Required type="2" schemaName="casetypecode" displayName="Case Type" parentSchemaName="incident" parentDisplayName="Vaccine Candidate" solution="msdynce_Service (9.0.5.56)">
          <package>msdynce_ServiceAnchor (9.0.22033.3006)</package>
        </Required>
        <Dependent type="60" displayName="Information" parentDisplayName="Vaccine Candidate" id="{f658c846-f74c-459b-b591-b97558958106}" />
      </MissingDependency>
      <MissingDependency>
        <Required type="2" schemaName="contractdetailid" displayName="Contract Line" parentSchemaName="incident" parentDisplayName="Vaccine Candidate" solution="msdynce_Service (9.0.5.56)">
          <package>msdynce_ServiceAnchor (9.0.22033.3006)</package>
        </Required>
        <Dependent type="60" displayName="ImmuTrack Case Form" parentDisplayName="Vaccine Candidate" id="{09dc8c83-fab3-eb11-8236-000d3a332b23}" />
      </MissingDependency>
      <MissingDependency>
        <Required type="2" schemaName="contractdetailid" displayName="Contract Line" parentSchemaName="incident" parentDisplayName="Vaccine Candidate" solution="msdynce_Service (9.0.5.56)">
          <package>msdynce_ServiceAnchor (9.0.22033.3006)</package>
        </Required>
        <Dependent type="60" displayName="Information" parentDisplayName="Vaccine Candidate" id="{f658c846-f74c-459b-b591-b97558958106}" />
      </MissingDependency>
      <MissingDependency>
        <Required type="2" schemaName="contractid" displayName="Contract" parentSchemaName="incident" parentDisplayName="Vaccine Candidate" solution="msdynce_Service (9.0.5.56)">
          <package>msdynce_ServiceAnchor (9.0.22033.3006)</package>
        </Required>
        <Dependent type="60" displayName="ImmuTrack Case Form" parentDisplayName="Vaccine Candidate" id="{09dc8c83-fab3-eb11-8236-000d3a332b23}" />
      </MissingDependency>
      <MissingDependency>
        <Required type="2" schemaName="contractid" displayName="Contract" parentSchemaName="incident" parentDisplayName="Vaccine Candidate" solution="msdynce_Service (9.0.5.56)">
          <package>msdynce_ServiceAnchor (9.0.22033.3006)</package>
        </Required>
        <Dependent type="60" displayName="Information" parentDisplayName="Vaccine Candidate" id="{f658c846-f74c-459b-b591-b97558958106}" />
      </MissingDependency>
      <MissingDependency>
        <Required type="2" schemaName="contractservicelevelcode" displayName="Service Level" parentSchemaName="incident" parentDisplayName="Vaccine Candidate" solution="msdynce_Service (9.0.5.56)">
          <package>msdynce_ServiceAnchor (9.0.22033.3006)</package>
        </Required>
        <Dependent type="60" displayName="ImmuTrack Case Form" parentDisplayName="Vaccine Candidate" id="{09dc8c83-fab3-eb11-8236-000d3a332b23}" />
      </MissingDependency>
      <MissingDependency>
        <Required type="2" schemaName="contractservicelevelcode" displayName="Service Level" parentSchemaName="incident" parentDisplayName="Vaccine Candidate" solution="msdynce_Service (9.0.5.56)">
          <package>msdynce_ServiceAnchor (9.0.22033.3006)</package>
        </Required>
        <Dependent type="60" displayName="Information" parentDisplayName="Vaccine Candidate" id="{f658c846-f74c-459b-b591-b97558958106}" />
      </MissingDependency>
      <MissingDependency>
        <Required type="2" schemaName="createdon" displayName="Created On" parentSchemaName="incident" parentDisplayName="Vaccine Candidate" solution="msdynce_Service (9.0.5.56)">
          <package>msdynce_ServiceAnchor (9.0.22033.3006)</package>
        </Required>
        <Dependent type="26" schemaName="Active Cases" displayName="Active Cases" parentSchemaName="incident" parentDisplayName="Vaccine Candidate" id="{00000000-0000-0000-00aa-000010001032}" />
      </MissingDependency>
      <MissingDependency>
        <Required type="2" schemaName="createdon" displayName="Created On" parentSchemaName="incident" parentDisplayName="Vaccine Candidate" solution="msdynce_Service (9.0.5.56)">
          <package>msdynce_ServiceAnchor (9.0.22033.3006)</package>
        </Required>
        <Dependent type="26" schemaName="Cases I Follow" displayName="Cases I Follow" parentSchemaName="incident" parentDisplayName="Vaccine Candidate" id="{54949c89-5d90-e011-95ae-00155d9cfa02}" />
      </MissingDependency>
      <MissingDependency>
        <Required type="2" schemaName="createdon" displayName="Created On" parentSchemaName="incident" parentDisplayName="Vaccine Candidate" solution="msdynce_Service (9.0.5.56)">
          <package>msdynce_ServiceAnchor (9.0.22033.3006)</package>
        </Required>
        <Dependent type="26" schemaName="Cases Being Followed" displayName="Cases Being Followed" parentSchemaName="incident" parentDisplayName="Vaccine Candidate" id="{54949c89-5d90-e011-95ae-00155d9cfa03}" />
      </MissingDependency>
      <MissingDependency>
        <Required type="2" schemaName="createdon" displayName="Created On" parentSchemaName="incident" parentDisplayName="Vaccine Candidate" solution="msdynce_Service (9.0.5.56)">
          <package>msdynce_ServiceAnchor (9.0.22033.3006)</package>
        </Required>
        <Dependent type="60" displayName="ImmuTrack Case Form" parentDisplayName="Vaccine Candidate" id="{09dc8c83-fab3-eb11-8236-000d3a332b23}" />
      </MissingDependency>
      <MissingDependency>
        <Required type="2" schemaName="createdon" displayName="Created On" parentSchemaName="incident" parentDisplayName="Vaccine Candidate" solution="msdynce_Service (9.0.5.56)">
          <package>msdynce_ServiceAnchor (9.0.22033.3006)</package>
        </Required>
        <Dependent type="60" displayName="Cases Dashboard" parentDisplayName="Vaccine Candidate" id="{eb3748b8-5f90-4050-a039-8b7d279ad8fe}" />
      </MissingDependency>
      <MissingDependency>
        <Required type="2" schemaName="customerid" displayName="Customer" parentSchemaName="incident" parentDisplayName="Vaccine Candidate" solution="msdynce_Service (9.0.5.56)">
          <package>msdynce_ServiceAnchor (9.0.22033.3006)</package>
        </Required>
        <Dependent type="2" schemaName="customerid" displayName="Customer" parentSchemaName="incident" parentDisplayName="Vaccine Candidate" />
      </MissingDependency>
      <MissingDependency>
        <Required type="2" schemaName="customerid" displayName="Customer" parentSchemaName="incident" parentDisplayName="Vaccine Candidate" solution="msdynce_Service (9.0.5.56)">
          <package>msdynce_ServiceAnchor (9.0.22033.3006)</package>
        </Required>
        <Dependent type="26" schemaName="Active Cases" displayName="Active Cases" parentSchemaName="incident" parentDisplayName="Vaccine Candidate" id="{00000000-0000-0000-00aa-000010001032}" />
      </MissingDependency>
      <MissingDependency>
        <Required type="2" schemaName="customerid" displayName="Customer" parentSchemaName="incident" parentDisplayName="Vaccine Candidate" solution="msdynce_Service (9.0.5.56)">
          <package>msdynce_ServiceAnchor (9.0.22033.3006)</package>
        </Required>
        <Dependent type="26" schemaName="Registration Completion Delays" displayName="Registration Completion Delays" parentSchemaName="incident" parentDisplayName="Vaccine Candidate" id="{d183827d-5bb4-eb11-8236-000d3a332583}" />
      </MissingDependency>
      <MissingDependency>
        <Required type="2" schemaName="customerid" displayName="Customer" parentSchemaName="incident" parentDisplayName="Vaccine Candidate" solution="msdynce_Service (9.0.5.56)">
          <package>msdynce_ServiceAnchor (9.0.22033.3006)</package>
        </Required>
        <Dependent type="60" displayName="ImmuTrack Case Form" parentDisplayName="Vaccine Candidate" id="{09dc8c83-fab3-eb11-8236-000d3a332b23}" />
      </MissingDependency>
      <MissingDependency>
        <Required type="2" schemaName="customerid" displayName="Customer" parentSchemaName="incident" parentDisplayName="Vaccine Candidate" solution="msdynce_Service (9.0.5.56)">
          <package>msdynce_ServiceAnchor (9.0.22033.3006)</package>
        </Required>
        <Dependent type="60" displayName="App for Outlook Case Quick Create" parentDisplayName="Vaccine Candidate" id="{ac33e173-6502-4816-ab48-c3eefd7be580}" />
      </MissingDependency>
      <MissingDependency>
        <Required type="2" schemaName="customerid" displayName="Customer" parentSchemaName="incident" parentDisplayName="Vaccine Candidate" solution="msdynce_Service (9.0.5.56)">
          <package>msdynce_ServiceAnchor (9.0.22033.3006)</package>
        </Required>
        <Dependent type="60" displayName="Information" parentDisplayName="Vaccine Candidate" id="{f658c846-f74c-459b-b591-b97558958106}" />
      </MissingDependency>
      <MissingDependency>
        <Required type="2" schemaName="customersatisfactioncode" displayName="Satisfaction" parentSchemaName="incident" parentDisplayName="Vaccine Candidate" solution="msdynce_Service (9.0.5.56)">
          <package>msdynce_ServiceAnchor (9.0.22033.3006)</package>
        </Required>
        <Dependent type="60" displayName="Information" parentDisplayName="Vaccine Candidate" id="{f658c846-f74c-459b-b591-b97558958106}" />
      </MissingDependency>
      <MissingDependency>
        <Required type="2" schemaName="description" displayName="Description" parentSchemaName="incident" parentDisplayName="Vaccine Candidate" solution="msdynce_Service (9.0.5.56)">
          <package>msdynce_ServiceAnchor (9.0.22033.3006)</package>
        </Required>
        <Dependent type="60" displayName="ImmuTrack Case Form" parentDisplayName="Vaccine Candidate" id="{09dc8c83-fab3-eb11-8236-000d3a332b23}" />
      </MissingDependency>
      <MissingDependency>
        <Required type="2" schemaName="description" displayName="Description" parentSchemaName="incident" parentDisplayName="Vaccine Candidate" solution="msdynce_Service (9.0.5.56)">
          <package>msdynce_ServiceAnchor (9.0.22033.3006)</package>
        </Required>
        <Dependent type="60" displayName="App for Outlook Case Quick Create" parentDisplayName="Vaccine Candidate" id="{ac33e173-6502-4816-ab48-c3eefd7be580}" />
      </MissingDependency>
      <MissingDependency>
        <Required type="2" schemaName="entitlementid" displayName="Entitlement" parentSchemaName="incident" parentDisplayName="Vaccine Candidate" solution="msdynce_Service (9.0.5.56)">
          <package>msdynce_ServiceAnchor (9.0.22033.3006)</package>
        </Required>
        <Dependent type="60" displayName="App for Outlook Case Quick Create" parentDisplayName="Vaccine Candidate" id="{ac33e173-6502-4816-ab48-c3eefd7be580}" />
      </MissingDependency>
      <MissingDependency>
        <Required type="2" schemaName="escalatedon" displayName="Escalated On" parentSchemaName="incident" parentDisplayName="Vaccine Candidate" solution="msdynce_Service (9.0.5.56)">
          <package>msdynce_ServiceAnchor (9.0.22033.3006)</package>
        </Required>
        <Dependent type="60" displayName="ImmuTrack Case Form" parentDisplayName="Vaccine Candidate" id="{09dc8c83-fab3-eb11-8236-000d3a332b23}" />
      </MissingDependency>
      <MissingDependency>
        <Required type="2" schemaName="firstresponsebykpiid" displayName="First Response By KPI" parentSchemaName="incident" parentDisplayName="Vaccine Candidate" solution="msdynce_Service (9.0.5.56)">
          <package>msdynce_ServiceAnchor (9.0.22033.3006)</package>
        </Required>
        <Dependent type="60" displayName="ImmuTrack Case Form" parentDisplayName="Vaccine Candidate" id="{09dc8c83-fab3-eb11-8236-000d3a332b23}" />
      </MissingDependency>
      <MissingDependency>
        <Required type="2" schemaName="firstresponsesent" displayName="First Response Sent" parentSchemaName="incident" parentDisplayName="Vaccine Candidate" solution="msdynce_Service (9.0.5.56)">
          <package>msdynce_ServiceAnchor (9.0.22033.3006)</package>
        </Required>
        <Dependent type="60" displayName="ImmuTrack Case Form" parentDisplayName="Vaccine Candidate" id="{09dc8c83-fab3-eb11-8236-000d3a332b23}" />
      </MissingDependency>
      <MissingDependency>
        <Required type="2" schemaName="followupby" displayName="Follow Up By" parentSchemaName="incident" parentDisplayName="Vaccine Candidate" solution="msdynce_Service (9.0.5.56)">
          <package>msdynce_ServiceAnchor (9.0.22033.3006)</package>
        </Required>
        <Dependent type="60" displayName="ImmuTrack Case Form" parentDisplayName="Vaccine Candidate" id="{09dc8c83-fab3-eb11-8236-000d3a332b23}" />
      </MissingDependency>
      <MissingDependency>
        <Required type="2" schemaName="followupby" displayName="Follow Up By" parentSchemaName="incident" parentDisplayName="Vaccine Candidate" solution="msdynce_Service (9.0.5.56)">
          <package>msdynce_ServiceAnchor (9.0.22033.3006)</package>
        </Required>
        <Dependent type="60" displayName="Information" parentDisplayName="Vaccine Candidate" id="{f658c846-f74c-459b-b591-b97558958106}" />
      </MissingDependency>
      <MissingDependency>
        <Required type="2" schemaName="incidentid" displayName="Case" parentSchemaName="incident" parentDisplayName="Vaccine Candidate" solution="msdynce_Service (9.0.5.56)">
          <package>msdynce_ServiceAnchor (9.0.22033.3006)</package>
        </Required>
        <Dependent type="10" schemaName="immu_ContactInteraction_ParentCase_Incide" displayName="immu_ContactInteraction_ParentCase_Incide" parentSchemaName="incident" parentDisplayName="Vaccine Candidate" />
      </MissingDependency>
      <MissingDependency>
        <Required type="2" schemaName="incidentid" displayName="Case" parentSchemaName="incident" parentDisplayName="Vaccine Candidate" solution="msdynce_Service (9.0.5.56)">
          <package>msdynce_ServiceAnchor (9.0.22033.3006)</package>
        </Required>
        <Dependent type="2" schemaName="immu_hourssincestartingregistration" displayName="Hours since starting registration" parentSchemaName="incident" parentDisplayName="Vaccine Candidate" />
      </MissingDependency>
      <MissingDependency>
        <Required type="2" schemaName="incidentid" displayName="Case" parentSchemaName="incident" parentDisplayName="Vaccine Candidate" solution="msdynce_Service (9.0.5.56)">
          <package>msdynce_ServiceAnchor (9.0.22033.3006)</package>
        </Required>
        <Dependent type="26" schemaName="Active Cases" displayName="Active Cases" parentSchemaName="incident" parentDisplayName="Vaccine Candidate" id="{00000000-0000-0000-00aa-000010001032}" />
      </MissingDependency>
      <MissingDependency>
        <Required type="2" schemaName="incidentid" displayName="Case" parentSchemaName="incident" parentDisplayName="Vaccine Candidate" solution="msdynce_Service (9.0.5.56)">
          <package>msdynce_ServiceAnchor (9.0.22033.3006)</package>
        </Required>
        <Dependent type="26" schemaName="Cases I Follow" displayName="Cases I Follow" parentSchemaName="incident" parentDisplayName="Vaccine Candidate" id="{54949c89-5d90-e011-95ae-00155d9cfa02}" />
      </MissingDependency>
      <MissingDependency>
        <Required type="2" schemaName="incidentid" displayName="Case" parentSchemaName="incident" parentDisplayName="Vaccine Candidate" solution="msdynce_Service (9.0.5.56)">
          <package>msdynce_ServiceAnchor (9.0.22033.3006)</package>
        </Required>
        <Dependent type="26" schemaName="Cases Being Followed" displayName="Cases Being Followed" parentSchemaName="incident" parentDisplayName="Vaccine Candidate" id="{54949c89-5d90-e011-95ae-00155d9cfa03}" />
      </MissingDependency>
      <MissingDependency>
        <Required type="2" schemaName="incidentid" displayName="Case" parentSchemaName="incident" parentDisplayName="Vaccine Candidate" solution="msdynce_Service (9.0.5.56)">
          <package>msdynce_ServiceAnchor (9.0.22033.3006)</package>
        </Required>
        <Dependent type="26" schemaName="Registration Completion Delays" displayName="Registration Completion Delays" parentSchemaName="incident" parentDisplayName="Vaccine Candidate" id="{d183827d-5bb4-eb11-8236-000d3a332583}" />
      </MissingDependency>
      <MissingDependency>
        <Required type="2" schemaName="influencescore" displayName="Influence Score" parentSchemaName="incident" parentDisplayName="Vaccine Candidate" solution="msdynce_Service (9.0.5.56)">
          <package>msdynce_ServiceAnchor (9.0.22033.3006)</package>
        </Required>
        <Dependent type="60" displayName="ImmuTrack Case Form" parentDisplayName="Vaccine Candidate" id="{09dc8c83-fab3-eb11-8236-000d3a332b23}" />
      </MissingDependency>
      <MissingDependency>
        <Required type="2" schemaName="isescalated" displayName="Is Escalated" parentSchemaName="incident" parentDisplayName="Vaccine Candidate" solution="msdynce_Service (9.0.5.56)">
          <package>msdynce_ServiceAnchor (9.0.22033.3006)</package>
        </Required>
        <Dependent type="60" displayName="ImmuTrack Case Form" parentDisplayName="Vaccine Candidate" id="{09dc8c83-fab3-eb11-8236-000d3a332b23}" />
      </MissingDependency>
      <MissingDependency>
        <Required type="2" schemaName="kbarticleid" displayName="Knowledge Base Article" parentSchemaName="incident" parentDisplayName="Vaccine Candidate" solution="msdynce_Service (9.0.5.56)">
          <package>msdynce_ServiceAnchor (9.0.22033.3006)</package>
        </Required>
        <Dependent type="60" displayName="ImmuTrack Case Form" parentDisplayName="Vaccine Candidate" id="{09dc8c83-fab3-eb11-8236-000d3a332b23}" />
      </MissingDependency>
      <MissingDependency>
        <Required type="2" schemaName="kbarticleid" displayName="Knowledge Base Article" parentSchemaName="incident" parentDisplayName="Vaccine Candidate" solution="msdynce_Service (9.0.5.56)">
          <package>msdynce_ServiceAnchor (9.0.22033.3006)</package>
        </Required>
        <Dependent type="60" displayName="Information" parentDisplayName="Vaccine Candidate" id="{f658c846-f74c-459b-b591-b97558958106}" />
      </MissingDependency>
      <MissingDependency>
        <Required type="2" schemaName="messagetypecode" displayName="Received As" parentSchemaName="incident" parentDisplayName="Vaccine Candidate" solution="msdynce_Service (9.0.5.56)">
          <package>msdynce_ServiceAnchor (9.0.22033.3006)</package>
        </Required>
        <Dependent type="60" displayName="ImmuTrack Case Form" parentDisplayName="Vaccine Candidate" id="{09dc8c83-fab3-eb11-8236-000d3a332b23}" />
      </MissingDependency>
      <MissingDependency>
        <Required type="2" schemaName="msdyn_iotalert" displayName="IoT Alert" parentSchemaName="incident" parentDisplayName="Vaccine Candidate" solution="msdyn_ConnectedCustomerService (9.0.20115.1027)">
          <package>msdynce_ServiceAnchor (9.0.22033.3006)</package>
        </Required>
        <Dependent type="10" schemaName="msdyn_msdyn_iotalert_incident_IoTAlert" displayName="msdyn_msdyn_iotalert_incident_IoTAlert" parentSchemaName="msdyn_iotalert" parentDisplayName="IoT Alert" />
      </MissingDependency>
      <MissingDependency>
        <Required type="2" schemaName="ownerid" displayName="Owner" parentSchemaName="incident" parentDisplayName="Vaccine Candidate" solution="msdynce_Service (9.0.5.56)">
          <package>msdynce_ServiceAnchor (9.0.22033.3006)</package>
        </Required>
        <Dependent type="60" displayName="ImmuTrack Case Form" parentDisplayName="Vaccine Candidate" id="{09dc8c83-fab3-eb11-8236-000d3a332b23}" />
      </MissingDependency>
      <MissingDependency>
        <Required type="2" schemaName="ownerid" displayName="Owner" parentSchemaName="incident" parentDisplayName="Vaccine Candidate" solution="msdynce_Service (9.0.5.56)">
          <package>msdynce_ServiceAnchor (9.0.22033.3006)</package>
        </Required>
        <Dependent type="60" displayName="App for Outlook Case Quick Create" parentDisplayName="Vaccine Candidate" id="{ac33e173-6502-4816-ab48-c3eefd7be580}" />
      </MissingDependency>
      <MissingDependency>
        <Required type="2" schemaName="ownerid" displayName="Owner" parentSchemaName="incident" parentDisplayName="Vaccine Candidate" solution="msdynce_Service (9.0.5.56)">
          <package>msdynce_ServiceAnchor (9.0.22033.3006)</package>
        </Required>
        <Dependent type="60" displayName="Information" parentDisplayName="Vaccine Candidate" id="{f658c846-f74c-459b-b591-b97558958106}" />
      </MissingDependency>
      <MissingDependency>
        <Required type="2" schemaName="parentcaseid" displayName="Parent Case" parentSchemaName="incident" parentDisplayName="Vaccine Candidate" solution="msdynce_Service (9.0.5.56)">
          <package>msdynce_ServiceAnchor (9.0.22033.3006)</package>
        </Required>
        <Dependent type="60" displayName="ImmuTrack Case Form" parentDisplayName="Vaccine Candidate" id="{09dc8c83-fab3-eb11-8236-000d3a332b23}" />
      </MissingDependency>
      <MissingDependency>
        <Required type="2" schemaName="parentcaseid" displayName="Parent Case" parentSchemaName="incident" parentDisplayName="Vaccine Candidate" solution="msdynce_Service (9.0.5.56)">
          <package>msdynce_ServiceAnchor (9.0.22033.3006)</package>
        </Required>
        <Dependent type="60" displayName="App for Outlook Case Quick Create" parentDisplayName="Vaccine Candidate" id="{ac33e173-6502-4816-ab48-c3eefd7be580}" />
      </MissingDependency>
      <MissingDependency>
        <Required type="2" schemaName="primarycontactid" displayName="Primary Contact" parentSchemaName="incident" parentDisplayName="Vaccine Candidate" solution="msdynce_Service (9.0.5.56)">
          <package>msdynce_ServiceAnchor (9.0.22033.3006)</package>
        </Required>
        <Dependent type="2" schemaName="primarycontactid" displayName="Primary Contact" parentSchemaName="incident" parentDisplayName="Vaccine Candidate" />
      </MissingDependency>
      <MissingDependency>
        <Required type="2" schemaName="prioritycode" displayName="Priority" parentSchemaName="incident" parentDisplayName="Vaccine Candidate" solution="msdynce_Service (9.0.5.56)">
          <package>msdynce_ServiceAnchor (9.0.22033.3006)</package>
        </Required>
        <Dependent type="26" schemaName="Active Cases" displayName="Active Cases" parentSchemaName="incident" parentDisplayName="Vaccine Candidate" id="{00000000-0000-0000-00aa-000010001032}" />
      </MissingDependency>
      <MissingDependency>
        <Required type="2" schemaName="prioritycode" displayName="Priority" parentSchemaName="incident" parentDisplayName="Vaccine Candidate" solution="msdynce_Service (9.0.5.56)">
          <package>msdynce_ServiceAnchor (9.0.22033.3006)</package>
        </Required>
        <Dependent type="26" schemaName="Cases I Follow" displayName="Cases I Follow" parentSchemaName="incident" parentDisplayName="Vaccine Candidate" id="{54949c89-5d90-e011-95ae-00155d9cfa02}" />
      </MissingDependency>
      <MissingDependency>
        <Required type="2" schemaName="prioritycode" displayName="Priority" parentSchemaName="incident" parentDisplayName="Vaccine Candidate" solution="msdynce_Service (9.0.5.56)">
          <package>msdynce_ServiceAnchor (9.0.22033.3006)</package>
        </Required>
        <Dependent type="26" schemaName="Cases Being Followed" displayName="Cases Being Followed" parentSchemaName="incident" parentDisplayName="Vaccine Candidate" id="{54949c89-5d90-e011-95ae-00155d9cfa03}" />
      </MissingDependency>
      <MissingDependency>
        <Required type="2" schemaName="prioritycode" displayName="Priority" parentSchemaName="incident" parentDisplayName="Vaccine Candidate" solution="msdynce_Service (9.0.5.56)">
          <package>msdynce_ServiceAnchor (9.0.22033.3006)</package>
        </Required>
        <Dependent type="60" displayName="ImmuTrack Case Form" parentDisplayName="Vaccine Candidate" id="{09dc8c83-fab3-eb11-8236-000d3a332b23}" />
      </MissingDependency>
      <MissingDependency>
        <Required type="2" schemaName="prioritycode" displayName="Priority" parentSchemaName="incident" parentDisplayName="Vaccine Candidate" solution="msdynce_Service (9.0.5.56)">
          <package>msdynce_ServiceAnchor (9.0.22033.3006)</package>
        </Required>
        <Dependent type="60" displayName="Information" parentDisplayName="Vaccine Candidate" id="{f658c846-f74c-459b-b591-b97558958106}" />
      </MissingDependency>
      <MissingDependency>
        <Required type="2" schemaName="productid" displayName="Product" parentSchemaName="incident" parentDisplayName="Vaccine Candidate" solution="msdynce_Service (9.0.5.56)">
          <package>msdynce_ServiceAnchor (9.0.22033.3006)</package>
        </Required>
        <Dependent type="60" displayName="ImmuTrack Case Form" parentDisplayName="Vaccine Candidate" id="{09dc8c83-fab3-eb11-8236-000d3a332b23}" />
      </MissingDependency>
      <MissingDependency>
        <Required type="2" schemaName="productid" displayName="Product" parentSchemaName="incident" parentDisplayName="Vaccine Candidate" solution="msdynce_Service (9.0.5.56)">
          <package>msdynce_ServiceAnchor (9.0.22033.3006)</package>
        </Required>
        <Dependent type="60" displayName="App for Outlook Case Quick Create" parentDisplayName="Vaccine Candidate" id="{ac33e173-6502-4816-ab48-c3eefd7be580}" />
      </MissingDependency>
      <MissingDependency>
        <Required type="2" schemaName="productid" displayName="Product" parentSchemaName="incident" parentDisplayName="Vaccine Candidate" solution="msdynce_Service (9.0.5.56)">
          <package>msdynce_ServiceAnchor (9.0.22033.3006)</package>
        </Required>
        <Dependent type="60" displayName="Information" parentDisplayName="Vaccine Candidate" id="{f658c846-f74c-459b-b591-b97558958106}" />
      </MissingDependency>
      <MissingDependency>
        <Required type="2" schemaName="productserialnumber" displayName="Serial Number" parentSchemaName="incident" parentDisplayName="Vaccine Candidate" solution="msdynce_Service (9.0.5.56)">
          <package>msdynce_ServiceAnchor (9.0.22033.3006)</package>
        </Required>
        <Dependent type="60" displayName="ImmuTrack Case Form" parentDisplayName="Vaccine Candidate" id="{09dc8c83-fab3-eb11-8236-000d3a332b23}" />
      </MissingDependency>
      <MissingDependency>
        <Required type="2" schemaName="productserialnumber" displayName="Serial Number" parentSchemaName="incident" parentDisplayName="Vaccine Candidate" solution="msdynce_Service (9.0.5.56)">
          <package>msdynce_ServiceAnchor (9.0.22033.3006)</package>
        </Required>
        <Dependent type="60" displayName="Information" parentDisplayName="Vaccine Candidate" id="{f658c846-f74c-459b-b591-b97558958106}" />
      </MissingDependency>
      <MissingDependency>
        <Required type="2" schemaName="resolveby" displayName="Resolve By" parentSchemaName="incident" parentDisplayName="Vaccine Candidate" solution="msdynce_Service (9.0.5.56)">
          <package>msdynce_ServiceAnchor (9.0.22033.3006)</package>
        </Required>
        <Dependent type="60" displayName="ImmuTrack Case Form" parentDisplayName="Vaccine Candidate" id="{09dc8c83-fab3-eb11-8236-000d3a332b23}" />
      </MissingDependency>
      <MissingDependency>
        <Required type="2" schemaName="resolveby" displayName="Resolve By" parentSchemaName="incident" parentDisplayName="Vaccine Candidate" solution="msdynce_Service (9.0.5.56)">
          <package>msdynce_ServiceAnchor (9.0.22033.3006)</package>
        </Required>
        <Dependent type="60" displayName="App for Outlook Case Quick Create" parentDisplayName="Vaccine Candidate" id="{ac33e173-6502-4816-ab48-c3eefd7be580}" />
      </MissingDependency>
      <MissingDependency>
        <Required type="2" schemaName="resolvebykpiid" displayName="Resolve By KPI" parentSchemaName="incident" parentDisplayName="Vaccine Candidate" solution="msdynce_Service (9.0.5.56)">
          <package>msdynce_ServiceAnchor (9.0.22033.3006)</package>
        </Required>
        <Dependent type="60" displayName="ImmuTrack Case Form" parentDisplayName="Vaccine Candidate" id="{09dc8c83-fab3-eb11-8236-000d3a332b23}" />
      </MissingDependency>
      <MissingDependency>
        <Required type="2" schemaName="responseby" displayName="First Response By" parentSchemaName="incident" parentDisplayName="Vaccine Candidate" solution="msdynce_Service (9.0.5.56)">
          <package>msdynce_ServiceAnchor (9.0.22033.3006)</package>
        </Required>
        <Dependent type="60" displayName="ImmuTrack Case Form" parentDisplayName="Vaccine Candidate" id="{09dc8c83-fab3-eb11-8236-000d3a332b23}" />
      </MissingDependency>
      <MissingDependency>
        <Required type="2" schemaName="responseby" displayName="First Response By" parentSchemaName="incident" parentDisplayName="Vaccine Candidate" solution="msdynce_Service (9.0.5.56)">
          <package>msdynce_ServiceAnchor (9.0.22033.3006)</package>
        </Required>
        <Dependent type="60" displayName="App for Outlook Case Quick Create" parentDisplayName="Vaccine Candidate" id="{ac33e173-6502-4816-ab48-c3eefd7be580}" />
      </MissingDependency>
      <MissingDependency>
        <Required type="2" schemaName="sentimentvalue" displayName="Sentiment Value" parentSchemaName="incident" parentDisplayName="Vaccine Candidate" solution="msdynce_Service (9.0.5.56)">
          <package>msdynce_ServiceAnchor (9.0.22033.3006)</package>
        </Required>
        <Dependent type="60" displayName="ImmuTrack Case Form" parentDisplayName="Vaccine Candidate" id="{09dc8c83-fab3-eb11-8236-000d3a332b23}" />
      </MissingDependency>
      <MissingDependency>
        <Required type="2" schemaName="socialprofileid" displayName="Social Profile" parentSchemaName="incident" parentDisplayName="Vaccine Candidate" solution="msdynce_Service (9.0.5.56)">
          <package>msdynce_ServiceAnchor (9.0.22033.3006)</package>
        </Required>
        <Dependent type="60" displayName="ImmuTrack Case Form" parentDisplayName="Vaccine Candidate" id="{09dc8c83-fab3-eb11-8236-000d3a332b23}" />
      </MissingDependency>
      <MissingDependency>
        <Required type="2" schemaName="statecode" displayName="Status" parentSchemaName="incident" parentDisplayName="Vaccine Candidate" solution="msdynce_Service (9.0.5.56)">
          <package>msdynce_ServiceAnchor (9.0.22033.3006)</package>
        </Required>
        <Dependent type="2" schemaName="statecode" displayName="Status" parentSchemaName="incident" parentDisplayName="Vaccine Candidate" />
      </MissingDependency>
      <MissingDependency>
        <Required type="2" schemaName="statuscode" displayName="Status Reason" parentSchemaName="incident" parentDisplayName="Vaccine Candidate" solution="msdynce_Service (9.0.5.56)">
          <package>msdynce_ServiceAnchor (9.0.22033.3006)</package>
        </Required>
        <Dependent type="2" schemaName="statuscode" displayName="Status Reason" parentSchemaName="incident" parentDisplayName="Vaccine Candidate" />
      </MissingDependency>
      <MissingDependency>
        <Required type="2" schemaName="subjectid" displayName="Subject" parentSchemaName="incident" parentDisplayName="Vaccine Candidate" solution="msdynce_Service (9.0.5.56)">
          <package>msdynce_ServiceAnchor (9.0.22033.3006)</package>
        </Required>
        <Dependent type="60" displayName="ImmuTrack Case Form" parentDisplayName="Vaccine Candidate" id="{09dc8c83-fab3-eb11-8236-000d3a332b23}" />
      </MissingDependency>
      <MissingDependency>
        <Required type="2" schemaName="subjectid" displayName="Subject" parentSchemaName="incident" parentDisplayName="Vaccine Candidate" solution="msdynce_Service (9.0.5.56)">
          <package>msdynce_ServiceAnchor (9.0.22033.3006)</package>
        </Required>
        <Dependent type="60" displayName="App for Outlook Case Quick Create" parentDisplayName="Vaccine Candidate" id="{ac33e173-6502-4816-ab48-c3eefd7be580}" />
      </MissingDependency>
      <MissingDependency>
        <Required type="2" schemaName="subjectid" displayName="Subject" parentSchemaName="incident" parentDisplayName="Vaccine Candidate" solution="msdynce_Service (9.0.5.56)">
          <package>msdynce_ServiceAnchor (9.0.22033.3006)</package>
        </Required>
        <Dependent type="60" displayName="Information" parentDisplayName="Vaccine Candidate" id="{f658c846-f74c-459b-b591-b97558958106}" />
      </MissingDependency>
      <MissingDependency>
        <Required type="2" schemaName="ticketnumber" displayName="Case Number" parentSchemaName="incident" parentDisplayName="Vaccine Candidate" solution="msdynce_Service (9.0.5.56)">
          <package>msdynce_ServiceAnchor (9.0.22033.3006)</package>
        </Required>
        <Dependent type="26" schemaName="Cases I Follow" displayName="Cases I Follow" parentSchemaName="incident" parentDisplayName="Vaccine Candidate" id="{54949c89-5d90-e011-95ae-00155d9cfa02}" />
      </MissingDependency>
      <MissingDependency>
        <Required type="2" schemaName="ticketnumber" displayName="Case Number" parentSchemaName="incident" parentDisplayName="Vaccine Candidate" solution="msdynce_Service (9.0.5.56)">
          <package>msdynce_ServiceAnchor (9.0.22033.3006)</package>
        </Required>
        <Dependent type="26" schemaName="Cases Being Followed" displayName="Cases Being Followed" parentSchemaName="incident" parentDisplayName="Vaccine Candidate" id="{54949c89-5d90-e011-95ae-00155d9cfa03}" />
      </MissingDependency>
      <MissingDependency>
        <Required type="2" schemaName="title" displayName="Candidate Id" parentSchemaName="incident" parentDisplayName="Vaccine Candidate" solution="msdynce_Service (9.0.5.56)">
          <package>msdynce_ServiceAnchor (9.0.22033.3006)</package>
        </Required>
        <Dependent type="2" schemaName="title" displayName="Candidate Id" parentSchemaName="incident" parentDisplayName="Vaccine Candidate" />
      </MissingDependency>
      <MissingDependency>
        <Required type="2" schemaName="msdyn_description" displayName="Description" parentSchemaName="msdyn_iotalert" parentDisplayName="IoT Alert" solution="IoTConnector (1.8.9.7)">
          <package>msdynce_ServiceAnchor (9.0.22033.3006)</package>
        </Required>
        <Dependent type="10" schemaName="msdyn_msdyn_iotalert_incident_IoTAlert" displayName="msdyn_msdyn_iotalert_incident_IoTAlert" parentSchemaName="msdyn_iotalert" parentDisplayName="IoT Alert" />
      </MissingDependency>
      <MissingDependency>
        <Required type="2" schemaName="msdyn_iotalertid" displayName="IoT Alert" parentSchemaName="msdyn_iotalert" parentDisplayName="IoT Alert" solution="IoTConnector (1.8.9.7)">
          <package>msdynce_ServiceAnchor (9.0.22033.3006)</package>
        </Required>
        <Dependent type="10" schemaName="msdyn_msdyn_iotalert_incident_IoTAlert" displayName="msdyn_msdyn_iotalert_incident_IoTAlert" parentSchemaName="msdyn_iotalert" parentDisplayName="IoT Alert" />
      </MissingDependency>
      <MissingDependency>
        <Required type="2" schemaName="msdyn_name" displayName="Segment name" parentSchemaName="msdyn_segment" parentDisplayName="Segment" solution="msdyn_segment (9.1.2203.2003)">
          <package>msdynce_SalesInsightsAnchor (9.0.22032.10011)</package>
        </Required>
        <Dependent type="10" schemaName="msdyn_msdyn_segment_contact" displayName="msdyn_msdyn_segment_contact" parentSchemaName="msdyn_segment" parentDisplayName="Segment" />
      </MissingDependency>
      <MissingDependency>
        <Required type="2" schemaName="msdyn_segmentid" displayName="segment" parentSchemaName="msdyn_segment" parentDisplayName="Segment" solution="msdyn_segment (9.1.2203.2003)">
          <package>msdynce_SalesInsightsAnchor (9.0.22032.10011)</package>
        </Required>
        <Dependent type="10" schemaName="msdyn_msdyn_segment_contact" displayName="msdyn_msdyn_segment_contact" parentSchemaName="msdyn_segment" parentDisplayName="Segment" />
      </MissingDependency>
      <MissingDependency>
        <Required type="20" displayName="Customer service app access" solution="msdynce_Customerservicehub (9.0.5.0056)" id="{3dac4d9e-568c-e611-80d4-00155d42a122}">
          <package>msdynce_ServiceAnchor (9.0.22033.3006)</package>
        </Required>
        <Dependent type="60" displayName="Contact for Multisession experience" parentDisplayName="Contact" id="{e06af4d1-2812-45c7-a9c2-9fb73fee7bec}" />
      </MissingDependency>
      <MissingDependency>
        <Required type="20" displayName="Customer Service Representative" solution="msdynce_Service (9.0.5.56)" id="{468cc023-6845-4467-8411-5645c934b11d}" parentId="{ecfd0b44-5720-45e3-ae68-417ddb0fb654}">
          <package>msdynce_ServiceAnchor (9.0.22033.3006)</package>
        </Required>
        <Dependent type="60" displayName="Contact for Multisession experience" parentDisplayName="Contact" id="{e06af4d1-2812-45c7-a9c2-9fb73fee7bec}" />
      </MissingDependency>
      <MissingDependency>
        <Required type="20" displayName="CSR Manager" solution="msdynce_Service (9.0.5.56)" id="{7d13a597-1832-4a55-a0a6-823a23635db1}" parentId="{1808b939-dd07-4ca7-aa99-ddd2734378f1}">
          <package>msdynce_ServiceAnchor (9.0.22033.3006)</package>
        </Required>
        <Dependent type="60" displayName="Contact for Multisession experience" parentDisplayName="Contact" id="{e06af4d1-2812-45c7-a9c2-9fb73fee7bec}" />
      </MissingDependency>
      <MissingDependency>
        <Required type="26" schemaName="My Active Cases" displayName="My Active Cases" parentSchemaName="incident" parentDisplayName="Vaccine Candidate" solution="msdynce_Service (9.0.5.56)" id="{00000000-0000-0000-00aa-000010001028}">
          <package>msdynce_ServiceAnchor (9.0.22033.3006)</package>
        </Required>
        <Dependent type="60" displayName="ImmuTrack contact form" parentDisplayName="Contact" id="{ac6a3ad5-c1b4-eb11-8236-000d3a332b23}" />
      </MissingDependency>
      <MissingDependency>
        <Required type="26" schemaName="My Active Cases" displayName="My Active Cases" parentSchemaName="incident" parentDisplayName="Vaccine Candidate" solution="msdynce_Service (9.0.5.56)" id="{00000000-0000-0000-00aa-000010001028}">
          <package>msdynce_ServiceAnchor (9.0.22033.3006)</package>
        </Required>
        <Dependent type="60" displayName="Contact for Multisession experience" parentDisplayName="Contact" id="{e06af4d1-2812-45c7-a9c2-9fb73fee7bec}" />
      </MissingDependency>
      <MissingDependency>
        <Required type="26" schemaName="My Active Cases" displayName="My Active Cases" parentSchemaName="incident" parentDisplayName="Vaccine Candidate" solution="msdynce_Service (9.0.5.56)" id="{00000000-0000-0000-00aa-000010001028}">
          <package>msdynce_ServiceAnchor (9.0.22033.3006)</package>
        </Required>
        <Dependent type="60" displayName="Cases Dashboard" parentDisplayName="Vaccine Candidate" id="{eb3748b8-5f90-4050-a039-8b7d279ad8fe}" />
      </MissingDependency>
      <MissingDependency>
        <Required type="26" schemaName="My Resolved Cases" displayName="My Resolved Cases" parentSchemaName="incident" parentDisplayName="Vaccine Candidate" solution="msdynce_Service (9.0.5.56)" id="{00000000-0000-0000-00aa-000010001029}">
          <package>msdynce_ServiceAnchor (9.0.22033.3006)</package>
        </Required>
        <Dependent type="60" displayName="Cases Dashboard" parentDisplayName="Vaccine Candidate" id="{eb3748b8-5f90-4050-a039-8b7d279ad8fe}" />
      </MissingDependency>
      <MissingDependency>
        <Required type="26" schemaName="Active Cases" displayName="Active Cases" parentSchemaName="incident" parentDisplayName="Vaccine Candidate" solution="msdynce_Service (9.0.5.56)" id="{00000000-0000-0000-00aa-000010001032}">
          <package>msdynce_ServiceAnchor (9.0.22033.3006)</package>
        </Required>
        <Dependent type="26" schemaName="Active Cases" displayName="Active Cases" parentSchemaName="incident" parentDisplayName="Vaccine Candidate" id="{00000000-0000-0000-00aa-000010001032}" />
      </MissingDependency>
      <MissingDependency>
        <Required type="26" schemaName="My Open Opportunities" displayName="My Open Opportunities" parentSchemaName="opportunity" parentDisplayName="Opportunity" solution="msdynce_Sales (9.0.4.0076)" id="{00000000-0000-0000-00aa-000010003000}">
          <package>msdynce_SalesAnchor (9.0.22033.10003)</package>
        </Required>
        <Dependent type="60" displayName="ImmuTrack contact form" parentDisplayName="Contact" id="{ac6a3ad5-c1b4-eb11-8236-000d3a332b23}" />
      </MissingDependency>
      <MissingDependency>
        <Required type="26" schemaName="All Contacts" displayName="All Contacts" parentSchemaName="contact" parentDisplayName="Contact" solution="msdynce_AppCommon (9.0.4.0066)" id="{0d5d377b-5e7c-47b5-bab1-a5cb8b4ac105}">
          <package>msdynce_AppCommonAnchor (9.0.22033.10001)</package>
        </Required>
        <Dependent type="60" displayName="Contacts Dashboard" parentDisplayName="Contact" id="{70ad8b15-e3f3-4d7d-9e4b-16cb4e51b484}" />
      </MissingDependency>
      <MissingDependency>
        <Required type="26" schemaName="Active Services" displayName="Active Services" parentSchemaName="service" parentDisplayName="Service" solution="msdynce_Service (9.0.5.56)" id="{2bd4de5e-a7b4-4f5d-8fde-eb3b62d8e2b2}">
          <package>msdynce_ServiceAnchor (9.0.22033.3006)</package>
        </Required>
        <Dependent type="60" displayName="Information" parentDisplayName="Contact" id="{894cc46a-b0cb-4ab0-8bf6-200544e46a2d}" />
      </MissingDependency>
      <MissingDependency>
        <Required type="26" schemaName="Associated Knowledge Records View" displayName="Associated Knowledge Records View" parentSchemaName="knowledgearticleincident" parentDisplayName="Knowledge Article Incident" solution="msdynce_Service (9.0.5.56)" id="{4ce7d553-9bba-4d8f-b209-899af9d3937c}">
          <package>msdynce_ServiceAnchor (9.0.22033.3006)</package>
        </Required>
        <Dependent type="60" displayName="ImmuTrack Case Form" parentDisplayName="Vaccine Candidate" id="{09dc8c83-fab3-eb11-8236-000d3a332b23}" />
      </MissingDependency>
      <MissingDependency>
        <Required type="26" schemaName="Active Products Lookup View" displayName="Active Products Lookup View" parentSchemaName="product" parentDisplayName="Product" solution="msdynce_ProductManagement (9.0.4.0066)" id="{58afc3c5-8add-4552-98cb-473bc8f75619}">
          <package>msdynce_ProductManagementAnchor (9.0.22032.10001)</package>
        </Required>
        <Dependent type="60" displayName="ImmuTrack Case Form" parentDisplayName="Vaccine Candidate" id="{09dc8c83-fab3-eb11-8236-000d3a332b23}" />
      </MissingDependency>
      <MissingDependency>
        <Required type="26" schemaName="Active Products Lookup View" displayName="Active Products Lookup View" parentSchemaName="product" parentDisplayName="Product" solution="msdynce_ProductManagement (9.0.4.0066)" id="{58afc3c5-8add-4552-98cb-473bc8f75619}">
          <package>msdynce_ProductManagementAnchor (9.0.22032.10001)</package>
        </Required>
        <Dependent type="60" displayName="App for Outlook Case Quick Create" parentDisplayName="Vaccine Candidate" id="{ac33e173-6502-4816-ab48-c3eefd7be580}" />
      </MissingDependency>
      <MissingDependency>
        <Required type="26" schemaName="Active Products Lookup View" displayName="Active Products Lookup View" parentSchemaName="product" parentDisplayName="Product" solution="msdynce_ProductManagement (9.0.4.0066)" id="{58afc3c5-8add-4552-98cb-473bc8f75619}">
          <package>msdynce_ProductManagementAnchor (9.0.22032.10001)</package>
        </Required>
        <Dependent type="60" displayName="Information" parentDisplayName="Vaccine Candidate" id="{f658c846-f74c-459b-b591-b97558958106}" />
      </MissingDependency>
      <MissingDependency>
        <Required type="26" schemaName="Active Contracts" displayName="Active Contracts" parentSchemaName="contract" parentDisplayName="Contract" solution="msdynce_Service (9.0.5.56)" id="{646de3ee-ebfb-4d19-8a44-4a619505e188}">
          <package>msdynce_ServiceAnchor (9.0.22033.3006)</package>
        </Required>
        <Dependent type="60" displayName="ImmuTrack Case Form" parentDisplayName="Vaccine Candidate" id="{09dc8c83-fab3-eb11-8236-000d3a332b23}" />
      </MissingDependency>
      <MissingDependency>
        <Required type="26" schemaName="Active Contracts" displayName="Active Contracts" parentSchemaName="contract" parentDisplayName="Contract" solution="msdynce_Service (9.0.5.56)" id="{646de3ee-ebfb-4d19-8a44-4a619505e188}">
          <package>msdynce_ServiceAnchor (9.0.22033.3006)</package>
        </Required>
        <Dependent type="60" displayName="Information" parentDisplayName="Vaccine Candidate" id="{f658c846-f74c-459b-b591-b97558958106}" />
      </MissingDependency>
      <MissingDependency>
        <Required type="26" schemaName="Associated Cases" displayName="Associated Cases" parentSchemaName="incident" parentDisplayName="Vaccine Candidate" solution="msdynce_Service (9.0.5.56)" id="{72210bbb-d9d5-42df-8efd-39395a3cd7a7}">
          <package>msdynce_ServiceAnchor (9.0.22033.3006)</package>
        </Required>
        <Dependent type="60" displayName="ImmuTrack Case Form" parentDisplayName="Vaccine Candidate" id="{09dc8c83-fab3-eb11-8236-000d3a332b23}" />
      </MissingDependency>
      <MissingDependency>
        <Required type="26" schemaName="Contract Line With Allotments" displayName="Contract Line With Allotments" parentSchemaName="contractdetail" parentDisplayName="Contract Line" solution="msdynce_Service (9.0.5.56)" id="{8fa2705c-7e4c-4c0e-b611-4593b35a4c9e}">
          <package>msdynce_ServiceAnchor (9.0.22033.3006)</package>
        </Required>
        <Dependent type="60" displayName="ImmuTrack Case Form" parentDisplayName="Vaccine Candidate" id="{09dc8c83-fab3-eb11-8236-000d3a332b23}" />
      </MissingDependency>
      <MissingDependency>
        <Required type="26" schemaName="Contract Line With Allotments" displayName="Contract Line With Allotments" parentSchemaName="contractdetail" parentDisplayName="Contract Line" solution="msdynce_Service (9.0.5.56)" id="{8fa2705c-7e4c-4c0e-b611-4593b35a4c9e}">
          <package>msdynce_ServiceAnchor (9.0.22033.3006)</package>
        </Required>
        <Dependent type="60" displayName="Information" parentDisplayName="Vaccine Candidate" id="{f658c846-f74c-459b-b591-b97558958106}" />
      </MissingDependency>
      <MissingDependency>
        <Required type="26" schemaName="Recent Opportunities" displayName="Recent Opportunities" parentSchemaName="opportunity" parentDisplayName="Opportunity" solution="msdynce_Sales (9.0.4.0076)" id="{9c3f7ee8-eca7-e211-9fb6-00155dd0ea05}">
          <package>msdynce_SalesAnchor (9.0.22033.10003)</package>
        </Required>
        <Dependent type="60" displayName="ImmuTrack contact form" parentDisplayName="Contact" id="{ac6a3ad5-c1b4-eb11-8236-000d3a332b23}" />
      </MissingDependency>
      <MissingDependency>
        <Required type="26" schemaName="All Entitlements" displayName="All Entitlements" parentSchemaName="entitlement" parentDisplayName="Entitlement" solution="msdynce_Service (9.0.5.56)" id="{aa69e7e2-913a-4a5a-8609-8ca443554909}">
          <package>msdynce_ServiceAnchor (9.0.22033.3006)</package>
        </Required>
        <Dependent type="60" displayName="ImmuTrack contact form" parentDisplayName="Contact" id="{ac6a3ad5-c1b4-eb11-8236-000d3a332b23}" />
      </MissingDependency>
      <MissingDependency>
        <Required type="26" schemaName="Valid Entitlements for Cases" displayName="Valid Entitlements for Cases" parentSchemaName="entitlement" parentDisplayName="Entitlement" solution="msdynce_Service (9.0.5.56)" id="{e7ea283b-0490-4956-939b-3325e0798fb8}">
          <package>msdynce_ServiceAnchor (9.0.22033.3006)</package>
        </Required>
        <Dependent type="60" displayName="App for Outlook Case Quick Create" parentDisplayName="Vaccine Candidate" id="{ac33e173-6502-4816-ab48-c3eefd7be580}" />
      </MissingDependency>
      <MissingDependency>
        <Required type="26" schemaName="Recent Cases" displayName="Recent Cases" parentSchemaName="incident" parentDisplayName="Vaccine Candidate" solution="msdynce_Service (9.0.5.56)" id="{ebd1d24a-eea7-e211-9fb6-00155dd0ea05}">
          <package>msdynce_ServiceAnchor (9.0.22033.3006)</package>
        </Required>
        <Dependent type="60" displayName="ImmuTrack contact form" parentDisplayName="Contact" id="{ac6a3ad5-c1b4-eb11-8236-000d3a332b23}" />
      </MissingDependency>
      <MissingDependency>
        <Required type="59" schemaName="Cases by Priority" displayName="Cases by Priority" parentSchemaName="incident" parentDisplayName="Vaccine Candidate" solution="msdynce_Service (9.0.5.56)" id="{0f0fb995-9d6f-453c-b26d-8f443e42e676}">
          <package>msdynce_ServiceAnchor (9.0.22033.3006)</package>
        </Required>
        <Dependent type="60" displayName="Cases Dashboard" parentDisplayName="Vaccine Candidate" id="{eb3748b8-5f90-4050-a039-8b7d279ad8fe}" />
      </MissingDependency>
      <MissingDependency>
        <Required type="59" schemaName="Cases By Account" displayName="Cases By Account" parentSchemaName="incident" parentDisplayName="Vaccine Candidate" solution="msdynce_Service (9.0.5.56)" id="{38872e4f-ac99-e511-80da-00155dc1b253}">
          <package>msdynce_ServiceAnchor (9.0.22033.3006)</package>
        </Required>
        <Dependent type="60" displayName="Cases Dashboard" parentDisplayName="Vaccine Candidate" id="{eb3748b8-5f90-4050-a039-8b7d279ad8fe}" />
      </MissingDependency>
      <MissingDependency>
        <Required type="59" schemaName="Active Cases by Agent" displayName="Active Cases by Agent" parentSchemaName="incident" parentDisplayName="Vaccine Candidate" solution="msdynce_Service (9.0.5.56)" id="{4143b74e-4a07-4d01-9ffe-2cdcaa4208fd}">
          <package>msdynce_ServiceAnchor (9.0.22033.3006)</package>
        </Required>
        <Dependent type="60" displayName="Contact for Multisession experience" parentDisplayName="Contact" id="{e06af4d1-2812-45c7-a9c2-9fb73fee7bec}" />
      </MissingDependency>
      <MissingDependency>
        <Required type="59" schemaName="Top Customers" displayName="Top Customers" parentSchemaName="opportunity" parentDisplayName="Opportunity" solution="msdynce_Sales (9.0.4.0076)" id="{8bc5fb18-48f2-4782-9e16-3d452fa4ddce}">
          <package>msdynce_SalesAnchor (9.0.22033.10003)</package>
        </Required>
        <Dependent type="60" displayName="ImmuTrack contact form" parentDisplayName="Contact" id="{ac6a3ad5-c1b4-eb11-8236-000d3a332b23}" />
      </MissingDependency>
      <MissingDependency>
        <Required type="59" schemaName="Case Mix (By Origin)" displayName="Case Mix (By Origin)" parentSchemaName="incident" parentDisplayName="Vaccine Candidate" solution="msdynce_Service (9.0.5.56)" id="{99782da3-a382-de11-9ff3-00155da3b012}">
          <package>msdynce_ServiceAnchor (9.0.22033.3006)</package>
        </Required>
        <Dependent type="60" displayName="Cases Dashboard" parentDisplayName="Vaccine Candidate" id="{eb3748b8-5f90-4050-a039-8b7d279ad8fe}" />
      </MissingDependency>
      <MissingDependency>
        <Required type="59" schemaName="Cases by SLA Status Over Week" displayName="Cases by SLA Status Over Week" parentSchemaName="incident" parentDisplayName="Vaccine Candidate" solution="msdynce_Service (9.0.5.56)" id="{997cbf5a-1c09-4990-b174-a8ef1530092b}">
          <package>msdynce_ServiceAnchor (9.0.22033.3006)</package>
        </Required>
        <Dependent type="60" displayName="Cases Dashboard" parentDisplayName="Vaccine Candidate" id="{eb3748b8-5f90-4050-a039-8b7d279ad8fe}" />
      </MissingDependency>
      <MissingDependency>
        <Required type="59" schemaName="Case Mix (By Business Unit)" displayName="Case Mix (By Business Unit)" parentSchemaName="incident" parentDisplayName="Vaccine Candidate" solution="msdynce_Service (9.0.5.56)" id="{f10375a6-4893-de11-97d4-00155da3b01e}">
          <package>msdynce_ServiceAnchor (9.0.22033.3006)</package>
        </Required>
        <Dependent type="60" displayName="ImmuTrack contact form" parentDisplayName="Contact" id="{ac6a3ad5-c1b4-eb11-8236-000d3a332b23}" />
      </MissingDependency>
      <MissingDependency>
        <Required type="59" schemaName="Entitlements Expiration" displayName="Entitlements Expiration" parentSchemaName="entitlement" parentDisplayName="Entitlement" solution="msdynce_Service (9.0.5.56)" id="{fdb919bb-c6fc-4fc8-8fa5-67ace68e41d1}">
          <package>msdynce_ServiceAnchor (9.0.22033.3006)</package>
        </Required>
        <Dependent type="60" displayName="ImmuTrack contact form" parentDisplayName="Contact" id="{ac6a3ad5-c1b4-eb11-8236-000d3a332b23}" />
      </MissingDependency>
      <MissingDependency>
        <Required type="60" displayName="Resolve By SLA" parentDisplayName="SLA KPI Instance" solution="msdynce_ServiceLevelAgreement (9.0.22033.1013)" id="{19b14c51-3d43-4d56-ab34-49c540bf468c}">
          <package>msdynce_ServiceLevelAgreementAnchor (9.0.22033.1013)</package>
        </Required>
        <Dependent type="60" displayName="ImmuTrack Case Form" parentDisplayName="Vaccine Candidate" id="{09dc8c83-fab3-eb11-8236-000d3a332b23}" />
      </MissingDependency>
      <MissingDependency>
        <Required type="60" displayName="account contact card" parentDisplayName="Contact" solution="msdynce_AppCommon (9.0.4.0066)" id="{29de27bc-a257-4f29-99cf-bab4a84e688f}">
          <package>msdynce_AppCommonAnchor (9.0.22033.10001)</package>
        </Required>
        <Dependent type="60" displayName="ImmuTrack contact form" parentDisplayName="Contact" id="{ac6a3ad5-c1b4-eb11-8236-000d3a332b23}" />
      </MissingDependency>
      <MissingDependency>
        <Required type="60" displayName="contact card" parentDisplayName="Contact" solution="msdynce_AppCommon (9.0.4.0066)" id="{707fc57b-c5e6-471b-a180-e37ed28a38e2}">
          <package>msdynce_AppCommonAnchor (9.0.22033.10001)</package>
        </Required>
        <Dependent type="60" displayName="contact card" parentDisplayName="Contact" id="{707fc57b-c5e6-471b-a180-e37ed28a38e2}" />
      </MissingDependency>
      <MissingDependency>
        <Required type="60" displayName="Contacts Dashboard" parentDisplayName="Contact" solution="msdynce_Service (9.0.5.56)" id="{70ad8b15-e3f3-4d7d-9e4b-16cb4e51b484}">
          <package>msdynce_ServiceAnchor (9.0.22033.3006)</package>
        </Required>
        <Dependent type="60" displayName="Contacts Dashboard" parentDisplayName="Contact" id="{70ad8b15-e3f3-4d7d-9e4b-16cb4e51b484}" />
      </MissingDependency>
      <MissingDependency>
        <Required type="60" displayName="Information" parentDisplayName="Contact" solution="msdynce_AppCommon (9.0.4.0066)" id="{894cc46a-b0cb-4ab0-8bf6-200544e46a2d}">
          <package>msdynce_AppCommonAnchor (9.0.22033.10001)</package>
        </Required>
        <Dependent type="60" displayName="Information" parentDisplayName="Contact" id="{894cc46a-b0cb-4ab0-8bf6-200544e46a2d}" />
      </MissingDependency>
      <MissingDependency>
        <Required type="60" displayName="App for Outlook Case Quick Create" parentDisplayName="Vaccine Candidate" solution="AppforOutlookPatch (1.2.386)" id="{ac33e173-6502-4816-ab48-c3eefd7be580}" />
        <Dependent type="60" displayName="App for Outlook Case Quick Create" parentDisplayName="Vaccine Candidate" id="{ac33e173-6502-4816-ab48-c3eefd7be580}" />
      </MissingDependency>
      <MissingDependency>
        <Required type="60" displayName="account card" parentDisplayName="Account" solution="msdynce_AppCommon (9.0.4.0066)" id="{b028db32-3619-48a5-ac51-cf3f947b0ef3}">
          <package>msdynce_AppCommonAnchor (9.0.22033.10001)</package>
        </Required>
        <Dependent type="60" displayName="ImmuTrack Case Form" parentDisplayName="Vaccine Candidate" id="{09dc8c83-fab3-eb11-8236-000d3a332b23}" />
      </MissingDependency>
      <MissingDependency>
        <Required type="60" displayName="Contact Quick Form" parentDisplayName="Contact" solution="msdynce_AppCommon (9.0.4.0066)" id="{bdb0ae1c-32fa-4374-b637-8dafe107bc44}">
          <package>msdynce_AppCommonAnchor (9.0.22033.10001)</package>
        </Required>
        <Dependent type="60" displayName="ImmuTrack Case Form" parentDisplayName="Vaccine Candidate" id="{09dc8c83-fab3-eb11-8236-000d3a332b23}" />
      </MissingDependency>
      <MissingDependency>
        <Required type="60" displayName="Contact for Multisession experience" parentDisplayName="Contact" solution="msdynce_ServicePatch201911 (9.0.22033.3006)" id="{e06af4d1-2812-45c7-a9c2-9fb73fee7bec}">
          <package>msdynce_ServiceAnchor (9.0.22033.3006)</package>
        </Required>
        <Dependent type="60" displayName="Contact for Multisession experience" parentDisplayName="Contact" id="{e06af4d1-2812-45c7-a9c2-9fb73fee7bec}" />
      </MissingDependency>
      <MissingDependency>
        <Required type="60" displayName="Cases Dashboard" parentDisplayName="Vaccine Candidate" solution="msdynce_Service (9.0.5.56)" id="{eb3748b8-5f90-4050-a039-8b7d279ad8fe}">
          <package>msdynce_ServiceAnchor (9.0.22033.3006)</package>
        </Required>
        <Dependent type="60" displayName="Cases Dashboard" parentDisplayName="Vaccine Candidate" id="{eb3748b8-5f90-4050-a039-8b7d279ad8fe}" />
      </MissingDependency>
      <MissingDependency>
        <Required type="60" displayName="First Response SLA" parentDisplayName="SLA KPI Instance" solution="msdynce_ServiceLevelAgreement (9.0.22033.1013)" id="{ede9dac3-e143-4be4-acc8-237309e31210}">
          <package>msdynce_ServiceLevelAgreementAnchor (9.0.22033.1013)</package>
        </Required>
        <Dependent type="60" displayName="ImmuTrack Case Form" parentDisplayName="Vaccine Candidate" id="{09dc8c83-fab3-eb11-8236-000d3a332b23}" />
      </MissingDependency>
      <MissingDependency>
        <Required type="60" displayName="Information" parentDisplayName="Vaccine Candidate" solution="msdynce_Service (9.0.5.56)" id="{f658c846-f74c-459b-b591-b97558958106}">
          <package>msdynce_ServiceAnchor (9.0.22033.3006)</package>
        </Required>
        <Dependent type="60" displayName="Information" parentDisplayName="Vaccine Candidate" id="{f658c846-f74c-459b-b591-b97558958106}" />
      </MissingDependency>
      <MissingDependency>
        <Required type="61" schemaName="AppCommon/Contact/Contact_main_system_library.js" displayName="AppCommon/Contact/Contact_main_system_library.js" solution="msdynce_AppCommon (9.0.4.0066)">
          <package>msdynce_AppCommonAnchor (9.0.22033.10001)</package>
        </Required>
        <Dependent type="60" displayName="Information" parentDisplayName="Contact" id="{894cc46a-b0cb-4ab0-8bf6-200544e46a2d}" />
      </MissingDependency>
      <MissingDependency>
        <Required type="61" schemaName="AppCommon/Contact/Contact_main_system_library.js" displayName="AppCommon/Contact/Contact_main_system_library.js" solution="msdynce_AppCommon (9.0.4.0066)">
          <package>msdynce_AppCommonAnchor (9.0.22033.10001)</package>
        </Required>
        <Dependent type="60" displayName="ImmuTrack contact form" parentDisplayName="Contact" id="{ac6a3ad5-c1b4-eb11-8236-000d3a332b23}" />
      </MissingDependency>
      <MissingDependency>
        <Required type="61" schemaName="msdyn_/ActivityFeeds.Form.js" displayName="msdyn_/ActivityFeeds.Form.js" solution="ActivityFeedsCore (9.0.0.0005)" />
        <Dependent type="60" displayName="Information" parentDisplayName="Contact" id="{894cc46a-b0cb-4ab0-8bf6-200544e46a2d}" />
      </MissingDependency>
      <MissingDependency>
        <Required type="61" schemaName="msdyn_/ActivityFeeds.Form.js" displayName="msdyn_/ActivityFeeds.Form.js" solution="ActivityFeedsCore (9.0.0.0005)" />
        <Dependent type="60" displayName="Contact for Multisession experience" parentDisplayName="Contact" id="{e06af4d1-2812-45c7-a9c2-9fb73fee7bec}" />
      </MissingDependency>
      <MissingDependency>
        <Required type="61" schemaName="msdyn_/ActivityFeeds.Form.js" displayName="msdyn_/ActivityFeeds.Form.js" solution="ActivityFeedsCore (9.0.0.0005)" />
        <Dependent type="60" displayName="Information" parentDisplayName="Vaccine Candidate" id="{f658c846-f74c-459b-b591-b97558958106}" />
      </MissingDependency>
      <MissingDependency>
        <Required type="61" schemaName="msdyn_/Images/AppModule_Default_Icon.png" displayName="msdyn_/Images/AppModule_Default_Icon.png" solution="AppModuleWebResources (2.5)" />
        <Dependent type="80" schemaName="cr8fd_ImmuTrack" displayName="ImmuTrack" />
      </MissingDependency>
      <MissingDependency>
        <Required type="61" schemaName="msdyn_/RecordWall.htm" displayName="msdyn_/RecordWall.htm" solution="ActivityFeedsCore (9.0.0.0005)" />
        <Dependent type="60" displayName="Information" parentDisplayName="Contact" id="{894cc46a-b0cb-4ab0-8bf6-200544e46a2d}" />
      </MissingDependency>
      <MissingDependency>
        <Required type="61" schemaName="msdyn_/RecordWall.htm" displayName="msdyn_/RecordWall.htm" solution="ActivityFeedsCore (9.0.0.0005)" />
        <Dependent type="60" displayName="Contact for Multisession experience" parentDisplayName="Contact" id="{e06af4d1-2812-45c7-a9c2-9fb73fee7bec}" />
      </MissingDependency>
      <MissingDependency>
        <Required type="61" schemaName="msdyn_/RecordWall.htm" displayName="msdyn_/RecordWall.htm" solution="ActivityFeedsCore (9.0.0.0005)" />
        <Dependent type="60" displayName="Information" parentDisplayName="Vaccine Candidate" id="{f658c846-f74c-459b-b591-b97558958106}" />
      </MissingDependency>
      <MissingDependency>
        <Required type="61" schemaName="msdyn_talkingpointsloader.js" displayName="msdyn_talkingpointsloader.js" solution="msdynce_Talkingpoints (9.0.1.701835)">
          <package>msdynce_SalesInsightsAnchor (9.0.22032.10011)</package>
        </Required>
        <Dependent type="60" displayName="ImmuTrack contact form" parentDisplayName="Contact" id="{ac6a3ad5-c1b4-eb11-8236-000d3a332b23}" />
      </MissingDependency>
      <MissingDependency>
        <Required type="61" schemaName="Service/Incident/Convert/Incident_convert_library.js" displayName="Service/Incident/Convert/Incident_convert_library.js" solution="msdynce_Service (9.0.5.56)">
          <package>msdynce_ServiceAnchor (9.0.22033.3006)</package>
        </Required>
        <Dependent type="60" displayName="Information" parentDisplayName="Vaccine Candidate" id="{f658c846-f74c-459b-b591-b97558958106}" />
      </MissingDependency>
      <MissingDependency>
        <Required type="61" schemaName="Service/Incident/Incident_main_system_library.js" displayName="Service/Incident/Incident_main_system_library.js" solution="msdynce_Service (9.0.5.56)">
          <package>msdynce_ServiceAnchor (9.0.22033.3006)</package>
        </Required>
        <Dependent type="60" displayName="ImmuTrack Case Form" parentDisplayName="Vaccine Candidate" id="{09dc8c83-fab3-eb11-8236-000d3a332b23}" />
      </MissingDependency>
      <MissingDependency>
        <Required type="61" schemaName="Service/Incident/Incident_main_system_library.js" displayName="Service/Incident/Incident_main_system_library.js" solution="msdynce_Service (9.0.5.56)">
          <package>msdynce_ServiceAnchor (9.0.22033.3006)</package>
        </Required>
        <Dependent type="60" displayName="Information" parentDisplayName="Vaccine Candidate" id="{f658c846-f74c-459b-b591-b97558958106}" />
      </MissingDependency>
      <MissingDependency>
        <Required type="61" schemaName="Service/Incident/Ribbon/Incident_ribbon_library.js" displayName="Service/Incident/Ribbon/Incident_ribbon_library.js" solution="msdynce_Service (9.0.5.56)">
          <package>msdynce_ServiceAnchor (9.0.22033.3006)</package>
        </Required>
        <Dependent type="60" displayName="ImmuTrack Case Form" parentDisplayName="Vaccine Candidate" id="{09dc8c83-fab3-eb11-8236-000d3a332b23}" />
      </MissingDependency>
      <MissingDependency>
        <Required type="61" schemaName="Service/Incident/Ribbon/Incident_ribbon_library.js" displayName="Service/Incident/Ribbon/Incident_ribbon_library.js" solution="msdynce_Service (9.0.5.56)">
          <package>msdynce_ServiceAnchor (9.0.22033.3006)</package>
        </Required>
        <Dependent type="60" displayName="Information" parentDisplayName="Vaccine Candidate" id="{f658c846-f74c-459b-b591-b97558958106}" />
      </MissingDependency>
      <MissingDependency>
        <Required type="66" schemaName="Intelligence.BusinessCardReaderControl.BusinessCardReader" displayName="Intelligence.BusinessCardReaderControl.BusinessCardReader" solution="BaseCustomControlsCore (9.0.2203.2011)" />
        <Dependent type="60" displayName="ImmuTrack contact form" parentDisplayName="Contact" id="{ac6a3ad5-c1b4-eb11-8236-000d3a332b23}" />
      </MissingDependency>
      <MissingDependency>
        <Required type="66" schemaName="MscrmControls.Canvas.CanvasControl" displayName="MscrmControls.Canvas.CanvasControl" solution="BaseCustomControlsCore (9.0.2203.2011)" />
        <Dependent type="60" displayName="ImmuTrack Case Form" parentDisplayName="Vaccine Candidate" id="{09dc8c83-fab3-eb11-8236-000d3a332b23}" />
      </MissingDependency>
      <MissingDependency>
        <Required type="66" schemaName="MscrmControls.CardFeedContainer.CardFeedContainer" displayName="MscrmControls.CardFeedContainer.CardFeedContainer" solution="BaseCustomControlsCore (9.0.2203.2011)" />
        <Dependent type="60" displayName="ImmuTrack Case Form" parentDisplayName="Vaccine Candidate" id="{09dc8c83-fab3-eb11-8236-000d3a332b23}" />
      </MissingDependency>
      <MissingDependency>
        <Required type="66" schemaName="MscrmControls.CardFeedContainer.CardFeedContainer" displayName="MscrmControls.CardFeedContainer.CardFeedContainer" solution="BaseCustomControlsCore (9.0.2203.2011)" />
        <Dependent type="60" displayName="ImmuTrack contact form" parentDisplayName="Contact" id="{ac6a3ad5-c1b4-eb11-8236-000d3a332b23}" />
      </MissingDependency>
      <MissingDependency>
        <Required type="66" schemaName="MscrmControls.FieldControls.ToggleControl" displayName="MscrmControls.FieldControls.ToggleControl" solution="BaseCustomControlsCore (9.0.2203.2011)" />
        <Dependent type="60" displayName="ImmuTrack Form" parentDisplayName="Reach Out Frequency" id="{823d6db9-54b4-eb11-8236-000d3a332583}" />
      </MissingDependency>
      <MissingDependency>
        <Required type="66" schemaName="MscrmControls.TalkingPointsControl.TalkingPoints" displayName="MscrmControls.TalkingPointsControl.TalkingPoints" solution="msdynce_Talkingpoints (9.0.1.701835)">
          <package>msdynce_SalesInsightsAnchor (9.0.22032.10011)</package>
        </Required>
        <Dependent type="60" displayName="ImmuTrack contact form" parentDisplayName="Contact" id="{ac6a3ad5-c1b4-eb11-8236-000d3a332b23}" />
      </MissingDependency>
      <MissingDependency>
        <Required type="9" schemaName="incident_statecode" displayName="Status" solution="msdynce_Service (9.0.5.56)">
          <package>msdynce_ServiceAnchor (9.0.22033.3006)</package>
        </Required>
        <Dependent type="9" schemaName="incident_statecode" displayName="Status" />
      </MissingDependency>
      <MissingDependency>
        <Required type="9" schemaName="incident_statuscode" displayName="Status Reason" solution="msdynce_Service (9.0.5.56)">
          <package>msdynce_ServiceAnchor (9.0.22033.3006)</package>
        </Required>
        <Dependent type="9" schemaName="incident_statuscode" displayName="Status Reason" />
      </MissingDependency>
    </MissingDependencies>
  </SolutionManifest>
</ImportExportXml>