{"properties":{"connectionReferences":{"shared_commondataserviceforapps":{"runtimeSource":"embedded","connection":{},"api":{"name":"shared_commondataserviceforapps"}}},"definition":{"$schema":"https://schema.management.azure.com/providers/Microsoft.Logic/schemas/2016-06-01/workflowdefinition.json#","contentVersion":"1.0.0.0","parameters":{"$connections":{"defaultValue":{},"type":"Object"},"$authentication":{"defaultValue":{},"type":"SecureObject"}},"triggers":{"When_a_record_is_created,_updated_or_deleted":{"type":"OpenApiConnectionWebhook","inputs":{"host":{"connectionName":"shared_commondataserviceforapps","operationId":"SubscribeWebhookTrigger","apiId":"/providers/Microsoft.PowerApps/apis/shared_commondataserviceforapps"},"parameters":{"subscriptionRequest/message":1,"subscriptionRequest/entityname":"cr005_anglersurvey","subscriptionRequest/scope":4},"authentication":"@parameters('$authentication')"}}},"actions":{"Detect_and_count_objects_in_images":{"runAfter":{"Retrieve_Survey":["Succeeded"]},"metadata":{"flowSystemMetadata":{"portalOperationId":"aibuilderpredict_objectdetection","portalOperationGroup":"aibuilder","portalOperationApiDisplayNameOverride":"AI Builder","portalOperationIconOverride":"https://psuxemea.azureedge.net/Content/Images/DesignerOperations/aiBuilder.png","portalOperationBrandColorOverride":"#742775","portalOperationApiTierOverride":"Standard"}},"type":"OpenApiConnection","inputs":{"host":{"connectionName":"shared_commondataserviceforapps","operationId":"aibuilderpredict_objectdetection","apiId":"/providers/Microsoft.PowerApps/apis/shared_commondataserviceforapps"},"parameters":{"recordId":"22e87a0d-06fc-49a2-af9f-268683e0e0e8","item/requestv2/base64Encoded":"@base64ToBinary(outputs('Retrieve_Survey')?['body/cr005_fishimage'])"},"authentication":"@parameters('$authentication')"}},"Initialize_variable":{"runAfter":{"Detect_and_count_objects_in_images":["Succeeded"]},"type":"InitializeVariable","inputs":{"variables":[{"name":"Detected Fish Species Name","type":"string"}]}},"Delay":{"runAfter":{},"type":"Wait","inputs":{"interval":{"count":20,"unit":"Second"}}},"Retrieve_Survey":{"runAfter":{"Delay":["Succeeded"]},"type":"OpenApiConnection","inputs":{"host":{"connectionName":"shared_commondataserviceforapps","operationId":"GetItem","apiId":"/providers/Microsoft.PowerApps/apis/shared_commondataserviceforapps"},"parameters":{"entityName":"cr005_anglersurveies","recordId":"@triggerOutputs()?['body/cr005_anglersurveyid']"},"authentication":"@parameters('$authentication')"}},"Set_fish_species_name":{"foreach":"@outputs('Detect_and_count_objects_in_images')?['body/responsev2/predictionOutput/results']","actions":{"Set_variable":{"runAfter":{},"type":"SetVariable","inputs":{"name":"Detected Fish Species Name","value":"@items('Set_fish_species_name')?['tagName']"}}},"runAfter":{"Initialize_variable":["Succeeded"]},"type":"Foreach"},"If_Mahi_Mahi":{"actions":{"Update_a_record":{"runAfter":{},"type":"OpenApiConnection","inputs":{"host":{"connectionName":"shared_commondataserviceforapps","operationId":"UpdateRecord","apiId":"/providers/Microsoft.PowerApps/apis/shared_commondataserviceforapps"},"parameters":{"entityName":"cr005_anglersurveies","recordId":"@outputs('Retrieve_Survey')?['body/cr005_anglersurveyid']","item/cr005_fishcaught":"636880000"},"authentication":"@parameters('$authentication')"}}},"runAfter":{"Set_fish_species_name":["Succeeded"]},"expression":{"equals":["@variables('Detected Fish Species Name')","Mahi Mahi"]},"type":"If"},"If_Northern_Red_Snapper":{"actions":{"Update_a_record_2":{"runAfter":{},"type":"OpenApiConnection","inputs":{"host":{"connectionName":"shared_commondataserviceforapps","operationId":"UpdateRecord","apiId":"/providers/Microsoft.PowerApps/apis/shared_commondataserviceforapps"},"parameters":{"entityName":"cr005_anglersurveies","recordId":"@outputs('Retrieve_Survey')?['body/cr005_anglersurveyid']","item/cr005_fishcaught":"636880001"},"authentication":"@parameters('$authentication')"}}},"runAfter":{"If_Mahi_Mahi":["Succeeded"]},"expression":{"equals":["@variables('Detected Fish Species Name')","Northern Red Snapper"]},"type":"If"},"If_Swordfish":{"actions":{"Update_a_record_3":{"runAfter":{},"type":"OpenApiConnection","inputs":{"host":{"connectionName":"shared_commondataserviceforapps","operationId":"UpdateRecord","apiId":"/providers/Microsoft.PowerApps/apis/shared_commondataserviceforapps"},"parameters":{"entityName":"cr005_anglersurveies","recordId":"@outputs('Retrieve_Survey')?['body/cr005_anglersurveyid']","item/cr005_fishcaught":"636880002"},"authentication":"@parameters('$authentication')"}}},"runAfter":{"If_Northern_Red_Snapper":["Succeeded"]},"expression":{"equals":["@variables('Detected Fish Species Name')","Swordfish"]},"type":"If"},"If_Tilapia":{"actions":{"Update_a_record_4":{"runAfter":{},"type":"OpenApiConnection","inputs":{"host":{"connectionName":"shared_commondataserviceforapps","operationId":"UpdateRecord","apiId":"/providers/Microsoft.PowerApps/apis/shared_commondataserviceforapps"},"parameters":{"entityName":"cr005_anglersurveies","recordId":"@outputs('Retrieve_Survey')?['body/cr005_anglersurveyid']","item/cr005_fishcaught":"636880003"},"authentication":"@parameters('$authentication')"}}},"runAfter":{"If_Swordfish":["Succeeded"]},"expression":{"equals":["@variables('Detected Fish Species Name')","Tilapia"]},"type":"If"},"Trout":{"actions":{"Update_a_record_5":{"runAfter":{},"type":"OpenApiConnection","inputs":{"host":{"connectionName":"shared_commondataserviceforapps","operationId":"UpdateRecord","apiId":"/providers/Microsoft.PowerApps/apis/shared_commondataserviceforapps"},"parameters":{"entityName":"cr005_anglersurveies","recordId":"@outputs('Retrieve_Survey')?['body/cr005_anglersurveyid']","item/cr005_fishcaught":"636880004"},"authentication":"@parameters('$authentication')"}}},"runAfter":{"If_Tilapia":["Succeeded"]},"expression":{"equals":["@variables('Detected Fish Species Name')","Trout"]},"type":"If"}},"outputs":{}}},"schemaVersion":"1.0.0.0"}