<ImportExportXml version="9.2.21061.146" SolutionPackageVersion="9.2" languagecode="1033" generatedBy="CrmLive" xmlns:xsi="http://www.w3.org/2001/XMLSchema-instance">
  <SolutionManifest>
    <UniqueName>HROnboardingOffboarding</UniqueName>
    <LocalizedNames>
      <LocalizedName description="HR Onboarding/Offboarding" languagecode="1033" />
    </LocalizedNames>
    <Descriptions />
    <Version>1.0.0.3</Version>
    <Managed>0</Managed>
    <Publisher>
      <UniqueName>Cr87412</UniqueName>
      <LocalizedNames>
        <LocalizedName description="CDS Default Publisher" languagecode="1033" />
      </LocalizedNames>
      <Descriptions />
      <EMailAddress xsi:nil="true"></EMailAddress>
      <SupportingWebsiteUrl xsi:nil="true"></SupportingWebsiteUrl>
      <CustomizationPrefix>cra64</CustomizationPrefix>
      <CustomizationOptionValuePrefix>79060</CustomizationOptionValuePrefix>
      <Addresses>
        <Address>
          <AddressNumber>1</AddressNumber>
          <AddressTypeCode xsi:nil="true"></AddressTypeCode>
          <City xsi:nil="true"></City>
          <County xsi:nil="true"></County>
          <Country xsi:nil="true"></Country>
          <Fax xsi:nil="true"></Fax>
          <FreightTermsCode xsi:nil="true"></FreightTermsCode>
          <ImportSequenceNumber xsi:nil="true"></ImportSequenceNumber>
          <Latitude xsi:nil="true"></Latitude>
          <Line1 xsi:nil="true"></Line1>
          <Line2 xsi:nil="true"></Line2>
          <Line3 xsi:nil="true"></Line3>
          <Longitude xsi:nil="true"></Longitude>
          <Name xsi:nil="true"></Name>
          <PostalCode xsi:nil="true"></PostalCode>
          <PostOfficeBox xsi:nil="true"></PostOfficeBox>
          <PrimaryContactName xsi:nil="true"></PrimaryContactName>
          <ShippingMethodCode xsi:nil="true"></ShippingMethodCode>
          <StateOrProvince xsi:nil="true"></StateOrProvince>
          <Telephone1 xsi:nil="true"></Telephone1>
          <Telephone2 xsi:nil="true"></Telephone2>
          <Telephone3 xsi:nil="true"></Telephone3>
          <TimeZoneRuleVersionNumber xsi:nil="true"></TimeZoneRuleVersionNumber>
          <UPSZone xsi:nil="true"></UPSZone>
          <UTCOffset xsi:nil="true"></UTCOffset>
          <UTCConversionTimeZoneCode xsi:nil="true"></UTCConversionTimeZoneCode>
        </Address>
        <Address>
          <AddressNumber>2</AddressNumber>
          <AddressTypeCode xsi:nil="true"></AddressTypeCode>
          <City xsi:nil="true"></City>
          <County xsi:nil="true"></County>
          <Country xsi:nil="true"></Country>
          <Fax xsi:nil="true"></Fax>
          <FreightTermsCode xsi:nil="true"></FreightTermsCode>
          <ImportSequenceNumber xsi:nil="true"></ImportSequenceNumber>
          <Latitude xsi:nil="true"></Latitude>
          <Line1 xsi:nil="true"></Line1>
          <Line2 xsi:nil="true"></Line2>
          <Line3 xsi:nil="true"></Line3>
          <Longitude xsi:nil="true"></Longitude>
          <Name xsi:nil="true"></Name>
          <PostalCode xsi:nil="true"></PostalCode>
          <PostOfficeBox xsi:nil="true"></PostOfficeBox>
          <PrimaryContactName xsi:nil="true"></PrimaryContactName>
          <ShippingMethodCode xsi:nil="true"></ShippingMethodCode>
          <StateOrProvince xsi:nil="true"></StateOrProvince>
          <Telephone1 xsi:nil="true"></Telephone1>
          <Telephone2 xsi:nil="true"></Telephone2>
          <Telephone3 xsi:nil="true"></Telephone3>
          <TimeZoneRuleVersionNumber xsi:nil="true"></TimeZoneRuleVersionNumber>
          <UPSZone xsi:nil="true"></UPSZone>
          <UTCOffset xsi:nil="true"></UTCOffset>
          <UTCConversionTimeZoneCode xsi:nil="true"></UTCConversionTimeZoneCode>
        </Address>
      </Addresses>
    </Publisher>
    <RootComponents>
      <RootComponent type="1" schemaName="cra64_employeeoffboardingchecklist" behavior="0" />
      <RootComponent type="1" schemaName="cra64_employeeonboardingchecklist" behavior="0" />
      <RootComponent type="1" schemaName="cra64_hrfileattachment" behavior="0" />
      <RootComponent type="1" schemaName="cra64_onboardingprogressindicator" behavior="0" />
      <RootComponent type="1" schemaName="new_employeeoffboardingprocess" behavior="0" />
      <RootComponent type="1" schemaName="new_employeeonboardingprocess" behavior="0" />
      <RootComponent type="1" schemaName="systemuser" behavior="0" />
      <RootComponent type="9" schemaName="cra64_assetcondition" behavior="0" />
      <RootComponent type="9" schemaName="cra64_onboardingstatus" behavior="0" />
      <RootComponent type="29" id="{06557266-44e9-ea11-a817-000d3a99b87d}" behavior="0" />
      <RootComponent type="29" id="{1920ec31-052c-461f-8fee-940b0ab93e90}" behavior="0" />
      <RootComponent type="29" id="{3ba7c0cf-55f2-ea11-a815-000d3a99b87d}" behavior="0" />
      <RootComponent type="29" id="{40489694-0cf9-ea11-a815-000d3a8c96c3}" behavior="0" />
      <RootComponent type="60" id="{27fdd7db-a0e8-ea11-a817-000d3a99b87d}" behavior="0" />
      <RootComponent type="60" id="{8f854bb9-b222-4541-9f01-e1463039c9d4}" behavior="0" />
      <RootComponent type="60" id="{c2cd9e55-d4b4-4b55-9951-16ead79643e5}" behavior="0" />
      <RootComponent type="60" id="{db549f37-340c-46d6-9d22-a57fccf0f588}" behavior="0" />
      <RootComponent type="60" id="{f52f4d73-678f-4da3-82e4-2c8de5d31b5d}" behavior="0" />
      <RootComponent type="60" id="{fc9d3cc1-86c5-4bd3-a78e-85d8a510059e}" behavior="0" />
      <RootComponent type="62" schemaName="cra64_EmployeeOnboardingOffboardingManag" behavior="0" />
      <RootComponent type="80" schemaName="cra64_EmployeeOnboardingOffboardingManag" behavior="0" />
      <RootComponent type="300" schemaName="cra64_checklistmobileapp_a25ed" behavior="0" />
      <RootComponent type="300" schemaName="cra64_onboardingoffboardingdashboard_98787" behavior="0" />
    </RootComponents>
    <MissingDependencies>
      <MissingDependency>
        <Required type="1" schemaName="appusersetting" displayName="Model-Driven App User Setting" solution="AppModule (9.1.21061.210604003)" />
        <Dependent type="1" schemaName="systemuser" displayName="User" />
      </MissingDependency>
      <MissingDependency>
        <Required type="1" schemaName="bot" displayName="Chatbot" solution="PowerVirtualAgents (1.1.2.365)" />
        <Dependent type="1" schemaName="systemuser" displayName="User" />
      </MissingDependency>
      <MissingDependency>
        <Required type="1" schemaName="usermobileofflineprofilemembership" displayName="UserMobileOfflineProfileMembership" solution="MobileOfflineMembership (1.0.0.2)" />
        <Dependent type="1" schemaName="systemuser" displayName="User" />
      </MissingDependency>
      <MissingDependency>
        <Required type="61" schemaName="msdyn_/Images/AppModule_Default_Icon.png" displayName="msdyn_/Images/AppModule_Default_Icon.png" solution="AppModuleWebResources (2.5)" />
        <Dependent type="80" schemaName="cra64_EmployeeOnboardingOffboardingManag" displayName="Employee Onboarding Offboarding Management" />
      </MissingDependency>
      <MissingDependency>
        <Required type="66" schemaName="MscrmControls.FieldControls.ToggleControl" displayName="MscrmControls.FieldControls.ToggleControl" solution="BaseCustomControlsCore (9.0.2106.1009)" />
        <Dependent type="60" displayName="Information" parentDisplayName="Employee Offboarding Checklist" id="{8f854bb9-b222-4541-9f01-e1463039c9d4}" />
      </MissingDependency>
      <MissingDependency>
        <Required type="66" schemaName="MscrmControls.FieldControls.ToggleControl" displayName="MscrmControls.FieldControls.ToggleControl" solution="BaseCustomControlsCore (9.0.2106.1009)" />
        <Dependent type="60" displayName="Information" parentDisplayName="Employee Onboarding Checklist" id="{fc9d3cc1-86c5-4bd3-a78e-85d8a510059e}" />
      </MissingDependency>
    </MissingDependencies>
  </SolutionManifest>
</ImportExportXml>