<ImportExportXml xmlns:xsi="http://www.w3.org/2001/XMLSchema-instance">
  <Entities></Entities>
  <Roles></Roles>
  <Workflows></Workflows>
  <FieldSecurityProfiles></FieldSecurityProfiles>
  <Templates />
  <EntityMaps />
  <EntityRelationships />
  <OrganizationSettings />
  <optionsets />
  <CustomControls />
  <EntityDataProviders />
  <Connectors>
    <Connector>
      <connectorid>84305642-902b-40e4-835f-7a37216b669e</connectorid>
      <description></description>
      <displayname>NCEI Precipitation</displayname>
      <iconbrandcolor>#007ee5</iconbrandcolor>
      <name>crf8a_5Fncei-20precipitation</name>
      <connectortype>1</connectortype>
      <openapidefinition>/Connector/crf8a_5Fncei-20precipitation_openapidefinition.json</openapidefinition>
      <connectionparameters>/Connector/crf8a_5Fncei-20precipitation_connectionparameters.json</connectionparameters>
      <policytemplateinstances>/Connector/crf8a_5Fncei-20precipitation_policytemplateinstances.json</policytemplateinstances>
      <iconblob>/Connector/crf8a_5Fncei-20precipitation_iconblob.Png</iconblob>
    </Connector>
  </Connectors>
  <Languages>
    <Language>1033</Language>
  </Languages>
</ImportExportXml>