<ImportExportXml version="9.2.22061.186" SolutionPackageVersion="9.2" languagecode="1033" generatedBy="CrmLive" xmlns:xsi="http://www.w3.org/2001/XMLSchema-instance">
  <SolutionManifest>
    <UniqueName>SomDTMBEmployeeOnboardingOffboarding</UniqueName>
    <LocalizedNames>
      <LocalizedName description="Employee Onboarding-Offboarding" languagecode="1033" />
    </LocalizedNames>
    <Descriptions />
    <Version>1.0.0.3</Version>
    <Managed>0</Managed>
    <Publisher>
      <UniqueName>Cr75175</UniqueName>
      <LocalizedNames>
        <LocalizedName description="CDS Default Publisher" languagecode="1033" />
      </LocalizedNames>
      <Descriptions />
      <EMailAddress xsi:nil="true"></EMailAddress>
      <SupportingWebsiteUrl xsi:nil="true"></SupportingWebsiteUrl>
      <CustomizationPrefix>cr4a8</CustomizationPrefix>
      <CustomizationOptionValuePrefix>62025</CustomizationOptionValuePrefix>
      <Addresses>
        <Address>
          <AddressNumber>1</AddressNumber>
          <AddressTypeCode xsi:nil="true"></AddressTypeCode>
          <City xsi:nil="true"></City>
          <County xsi:nil="true"></County>
          <Country xsi:nil="true"></Country>
          <Fax xsi:nil="true"></Fax>
          <FreightTermsCode xsi:nil="true"></FreightTermsCode>
          <ImportSequenceNumber xsi:nil="true"></ImportSequenceNumber>
          <Latitude xsi:nil="true"></Latitude>
          <Line1 xsi:nil="true"></Line1>
          <Line2 xsi:nil="true"></Line2>
          <Line3 xsi:nil="true"></Line3>
          <Longitude xsi:nil="true"></Longitude>
          <Name xsi:nil="true"></Name>
          <PostalCode xsi:nil="true"></PostalCode>
          <PostOfficeBox xsi:nil="true"></PostOfficeBox>
          <PrimaryContactName xsi:nil="true"></PrimaryContactName>
          <ShippingMethodCode xsi:nil="true"></ShippingMethodCode>
          <StateOrProvince xsi:nil="true"></StateOrProvince>
          <Telephone1 xsi:nil="true"></Telephone1>
          <Telephone2 xsi:nil="true"></Telephone2>
          <Telephone3 xsi:nil="true"></Telephone3>
          <TimeZoneRuleVersionNumber xsi:nil="true"></TimeZoneRuleVersionNumber>
          <UPSZone xsi:nil="true"></UPSZone>
          <UTCOffset xsi:nil="true"></UTCOffset>
          <UTCConversionTimeZoneCode xsi:nil="true"></UTCConversionTimeZoneCode>
        </Address>
        <Address>
          <AddressNumber>2</AddressNumber>
          <AddressTypeCode xsi:nil="true"></AddressTypeCode>
          <City xsi:nil="true"></City>
          <County xsi:nil="true"></County>
          <Country xsi:nil="true"></Country>
          <Fax xsi:nil="true"></Fax>
          <FreightTermsCode xsi:nil="true"></FreightTermsCode>
          <ImportSequenceNumber xsi:nil="true"></ImportSequenceNumber>
          <Latitude xsi:nil="true"></Latitude>
          <Line1 xsi:nil="true"></Line1>
          <Line2 xsi:nil="true"></Line2>
          <Line3 xsi:nil="true"></Line3>
          <Longitude xsi:nil="true"></Longitude>
          <Name xsi:nil="true"></Name>
          <PostalCode xsi:nil="true"></PostalCode>
          <PostOfficeBox xsi:nil="true"></PostOfficeBox>
          <PrimaryContactName xsi:nil="true"></PrimaryContactName>
          <ShippingMethodCode xsi:nil="true"></ShippingMethodCode>
          <StateOrProvince xsi:nil="true"></StateOrProvince>
          <Telephone1 xsi:nil="true"></Telephone1>
          <Telephone2 xsi:nil="true"></Telephone2>
          <Telephone3 xsi:nil="true"></Telephone3>
          <TimeZoneRuleVersionNumber xsi:nil="true"></TimeZoneRuleVersionNumber>
          <UPSZone xsi:nil="true"></UPSZone>
          <UTCOffset xsi:nil="true"></UTCOffset>
          <UTCConversionTimeZoneCode xsi:nil="true"></UTCConversionTimeZoneCode>
        </Address>
      </Addresses>
    </Publisher>
    <RootComponents>
      <RootComponent type="1" schemaName="aaduser" behavior="1" />
      <RootComponent type="1" schemaName="cr4a8_employeeaccess" behavior="0" />
      <RootComponent type="1" schemaName="cr4a8_employeeaccessapprovals" behavior="0" />
      <RootComponent type="1" schemaName="cr4a8_employeeaccesscatalog" behavior="0" />
      <RootComponent type="1" schemaName="cr4a8_employeeaccesscatalogadmins" behavior="0" />
      <RootComponent type="1" schemaName="cr4a8_employeeonboardoffboardmaster" behavior="0" />
      <RootComponent type="1" schemaName="cr4a8_somdepartment" behavior="0" />
      <RootComponent type="9" schemaName="cr4a8_accessstatus" behavior="0" />
      <RootComponent type="9" schemaName="cr4a8_accesstype" behavior="0" />
      <RootComponent type="20" id="{8e395d9f-3905-ed11-bb3a-001dd806c15d}" behavior="0" />
      <RootComponent type="20" id="{c5dd5199-ed05-ed11-bb3a-001dd806c15d}" behavior="0" />
      <RootComponent type="29" id="{6d1cbe76-e39b-4f25-a922-72cfb8b17f83}" behavior="0" />
      <RootComponent type="29" id="{c6bc0082-8304-ed11-bb3a-001dd80685bb}" behavior="0" />
      <RootComponent type="29" id="{c71655ba-f2d1-4542-bb9e-5de479e4f664}" behavior="0" />
      <RootComponent type="29" id="{e0c8ccd7-d603-ed11-bb3a-001dd80685bb}" behavior="0" />
      <RootComponent type="29" id="{f6c28160-f402-ed11-bb3a-001dd80685bb}" behavior="0" />
      <RootComponent type="62" schemaName="cr4a8_SOMEmployeeOnboardingOffboardingAd" behavior="0" />
      <RootComponent type="80" schemaName="cr4a8_SOMEmployeeOnboardingOffboardingAd" behavior="0" />
      <RootComponent type="300" schemaName="cr4a8_onboardingoffboardingapp_2e822" behavior="0" />
    </RootComponents>
    <MissingDependencies>
      <MissingDependency>
        <Required type="1" schemaName="aaduser" displayName="AAD User" solution="MetadataExtension (1.0.2.20)" />
        <Dependent type="1" schemaName="aaduser" displayName="AAD User" />
      </MissingDependency>
      <MissingDependency>
        <Required type="1" schemaName="aaduser" displayName="AAD User" solution="MetadataExtension (1.0.2.20)" />
        <Dependent type="10" schemaName="cr4a8_cr4a8_employeeonboardoffboardmaster_Emplo" displayName="cr4a8_cr4a8_employeeonboardoffboardmaster_Emplo" parentSchemaName="aaduser" parentDisplayName="AAD User" />
      </MissingDependency>
      <MissingDependency>
        <Required type="1" schemaName="aaduser" displayName="AAD User" solution="MetadataExtension (1.0.2.20)" />
        <Dependent type="300" schemaName="cr4a8_onboardingoffboardingapp_2e822" displayName="Onboarding &amp; Offboarding App" />
      </MissingDependency>
      <MissingDependency>
        <Required type="2" schemaName="aaduserid" displayName="AAD user id" parentSchemaName="aaduser" parentDisplayName="AAD User" solution="MetadataExtension (1.0.2.20)" />
        <Dependent type="10" schemaName="cr4a8_cr4a8_employeeonboardoffboardmaster_Emplo" displayName="cr4a8_cr4a8_employeeonboardoffboardmaster_Emplo" parentSchemaName="aaduser" parentDisplayName="AAD User" />
      </MissingDependency>
      <MissingDependency>
        <Required type="2" schemaName="displayname" displayName="Display Name" parentSchemaName="aaduser" parentDisplayName="AAD User" solution="MetadataExtension (1.0.2.20)" />
        <Dependent type="10" schemaName="cr4a8_cr4a8_employeeonboardoffboardmaster_Emplo" displayName="cr4a8_cr4a8_employeeonboardoffboardmaster_Emplo" parentSchemaName="aaduser" parentDisplayName="AAD User" />
      </MissingDependency>
      <MissingDependency>
        <Required type="61" schemaName="msdyn_/Images/AppModule_Default_Icon.png" displayName="msdyn_/Images/AppModule_Default_Icon.png" solution="AppModuleWebResources (2.5)" />
        <Dependent type="80" schemaName="cr4a8_SOMEmployeeOnboardingOffboardingAd" displayName="SOM Employee Onboarding Offboarding Admin Application" />
      </MissingDependency>
    </MissingDependencies>
  </SolutionManifest>
</ImportExportXml>