<ImportExportXml version="9.1.0.23759" SolutionPackageVersion="9.1" languagecode="1033" generatedBy="CrmLive" xmlns:xsi="http://www.w3.org/2001/XMLSchema-instance">
  <SolutionManifest>
    <UniqueName>CorrespondenceManagement</UniqueName>
    <LocalizedNames>
      <LocalizedName description="Correspondence Management" languagecode="1033" />
    </LocalizedNames>
    <Descriptions />
    <Version>1.0.0.6</Version>
    <Managed>0</Managed>
    <Publisher>
      <UniqueName>Cr9d307</UniqueName>
      <LocalizedNames>
        <LocalizedName description="Correspondence Mgmt" languagecode="1033" />
      </LocalizedNames>
      <Descriptions />
      <EMailAddress xsi:nil="true"></EMailAddress>
      <SupportingWebsiteUrl xsi:nil="true"></SupportingWebsiteUrl>
      <CustomizationPrefix>cmg</CustomizationPrefix>
      <CustomizationOptionValuePrefix>17545</CustomizationOptionValuePrefix>
      <Addresses>
        <Address>
          <AddressNumber>1</AddressNumber>
          <AddressTypeCode xsi:nil="true"></AddressTypeCode>
          <City xsi:nil="true"></City>
          <County xsi:nil="true"></County>
          <Country xsi:nil="true"></Country>
          <Fax xsi:nil="true"></Fax>
          <FreightTermsCode xsi:nil="true"></FreightTermsCode>
          <ImportSequenceNumber xsi:nil="true"></ImportSequenceNumber>
          <Latitude xsi:nil="true"></Latitude>
          <Line1 xsi:nil="true"></Line1>
          <Line2 xsi:nil="true"></Line2>
          <Line3 xsi:nil="true"></Line3>
          <Longitude xsi:nil="true"></Longitude>
          <Name xsi:nil="true"></Name>
          <PostalCode xsi:nil="true"></PostalCode>
          <PostOfficeBox xsi:nil="true"></PostOfficeBox>
          <PrimaryContactName xsi:nil="true"></PrimaryContactName>
          <ShippingMethodCode xsi:nil="true"></ShippingMethodCode>
          <StateOrProvince xsi:nil="true"></StateOrProvince>
          <Telephone1 xsi:nil="true"></Telephone1>
          <Telephone2 xsi:nil="true"></Telephone2>
          <Telephone3 xsi:nil="true"></Telephone3>
          <TimeZoneRuleVersionNumber xsi:nil="true"></TimeZoneRuleVersionNumber>
          <UPSZone xsi:nil="true"></UPSZone>
          <UTCOffset xsi:nil="true"></UTCOffset>
          <UTCConversionTimeZoneCode xsi:nil="true"></UTCConversionTimeZoneCode>
        </Address>
        <Address>
          <AddressNumber>2</AddressNumber>
          <AddressTypeCode xsi:nil="true"></AddressTypeCode>
          <City xsi:nil="true"></City>
          <County xsi:nil="true"></County>
          <Country xsi:nil="true"></Country>
          <Fax xsi:nil="true"></Fax>
          <FreightTermsCode xsi:nil="true"></FreightTermsCode>
          <ImportSequenceNumber xsi:nil="true"></ImportSequenceNumber>
          <Latitude xsi:nil="true"></Latitude>
          <Line1 xsi:nil="true"></Line1>
          <Line2 xsi:nil="true"></Line2>
          <Line3 xsi:nil="true"></Line3>
          <Longitude xsi:nil="true"></Longitude>
          <Name xsi:nil="true"></Name>
          <PostalCode xsi:nil="true"></PostalCode>
          <PostOfficeBox xsi:nil="true"></PostOfficeBox>
          <PrimaryContactName xsi:nil="true"></PrimaryContactName>
          <ShippingMethodCode xsi:nil="true"></ShippingMethodCode>
          <StateOrProvince xsi:nil="true"></StateOrProvince>
          <Telephone1 xsi:nil="true"></Telephone1>
          <Telephone2 xsi:nil="true"></Telephone2>
          <Telephone3 xsi:nil="true"></Telephone3>
          <TimeZoneRuleVersionNumber xsi:nil="true"></TimeZoneRuleVersionNumber>
          <UPSZone xsi:nil="true"></UPSZone>
          <UTCOffset xsi:nil="true"></UTCOffset>
          <UTCConversionTimeZoneCode xsi:nil="true"></UTCConversionTimeZoneCode>
        </Address>
      </Addresses>
    </Publisher>
    <RootComponents>
      <RootComponent type="1" schemaName="cmg_correspondence" behavior="0" />
      <RootComponent type="1" schemaName="cmg_correspondenceattachment" behavior="0" />
      <RootComponent type="1" schemaName="cmg_receivedcorrespondence" behavior="0" />
      <RootComponent type="1" schemaName="systemuser" behavior="0" />
      <RootComponent type="9" schemaName="cmg_correspondenceapprovalstatus" behavior="0" />
      <RootComponent type="9" schemaName="cmg_correspondencetype" behavior="0" />
      <RootComponent type="29" id="{10ecfe61-bd0d-eb11-a814-000d3a8b34e2}" behavior="0" />
      <RootComponent type="29" id="{123d1925-530e-eb11-a813-000d3a1b1d16}" behavior="0" />
      <RootComponent type="29" id="{6a465b2a-e90e-eb11-a813-000d3a1b1d16}" behavior="0" />
      <RootComponent type="29" id="{9b095962-980d-eb11-a813-000d3a1b1d16}" behavior="0" />
      <RootComponent type="60" id="{15f509d2-bb47-4383-8e7d-4bb685b4d9f5}" behavior="0" />
      <RootComponent type="60" id="{68b3a8ea-fba3-40dd-88b9-c2614c6b2014}" behavior="0" />
      <RootComponent type="60" id="{e38d02f0-d1f7-456a-b431-3cc0a0cafd0e}" behavior="0" />
      <RootComponent type="62" schemaName="cmg_CorrespondenceManagement" behavior="0" />
      <RootComponent type="80" schemaName="cmg_CorrespondenceManagement" behavior="0" />
      <RootComponent type="300" schemaName="cmg_cabinetsecretaryfinalapprovalapp_d25e2" behavior="0" />
      <RootComponent type="300" schemaName="cmg_correspondenceapproval_a5598" behavior="0" />
      <RootComponent type="431" schemaName="cmg_correspondence cmg_bureauchiefsignature" behavior="0" />
      <RootComponent type="431" schemaName="cmg_correspondence cmg_cabinetsecretarysignature" behavior="0" />
      <RootComponent type="431" schemaName="cmg_correspondence cmg_directorsignature" behavior="0" />
      <RootComponent type="431" schemaName="cmg_correspondence cmg_generalcounselsignature" behavior="0" />
      <RootComponent type="432" schemaName="cmg_correspondence" behavior="0" />
    </RootComponents>
    <MissingDependencies>
      <MissingDependency>
        <Required key="0" type="1" schemaName="bot" displayName="Chatbot" solution="PowerVirtualAgents (1.1.2.164)" />
        <Dependent key="1" type="1" schemaName="systemuser" displayName="User" />
      </MissingDependency>
      <MissingDependency>
        <Required key="2" type="66" schemaName="MscrmControls.FlipSwitch.FlipSwitchControl" displayName="MscrmControls.FlipSwitch.FlipSwitchControl" solution="CustomControlsCore (9.1.0000.23759)" />
        <Dependent key="3" type="60" displayName="Information" parentDisplayName="Correspondence" id="{68b3a8ea-fba3-40dd-88b9-c2614c6b2014}" />
      </MissingDependency>
      <MissingDependency>
        <Required key="2" type="66" schemaName="MscrmControls.FlipSwitch.FlipSwitchControl" displayName="MscrmControls.FlipSwitch.FlipSwitchControl" solution="CustomControlsCore (9.1.0000.23759)" />
        <Dependent key="4" type="60" displayName="Information" parentDisplayName="Received Correspondence" id="{15f509d2-bb47-4383-8e7d-4bb685b4d9f5}" />
      </MissingDependency>
      <MissingDependency>
        <Required key="5" type="61" schemaName="msdyn_/Images/AppModule_Default_Icon.png" displayName="msdyn_/Images/AppModule_Default_Icon.png" solution="AppModuleWebResources (2.5)" />
        <Dependent key="6" type="80" schemaName="cmg_CorrespondenceManagement" displayName="Correspondence Management" />
      </MissingDependency>
    </MissingDependencies>
  </SolutionManifest>
</ImportExportXml>