{"properties":{"connectionReferences":{"shared_commondataserviceforapps":{"runtimeSource":"embedded","connection":{"connectionReferenceLogicalName":"cra64_sharedcommondataserviceforapps_1d8a0"},"api":{"name":"shared_commondataserviceforapps"}},"shared_sendmail":{"runtimeSource":"embedded","connection":{"connectionReferenceLogicalName":"cra64_sharedsendmail_ac4e7"},"api":{"name":"shared_sendmail"}}},"definition":{"$schema":"https://schema.management.azure.com/providers/Microsoft.Logic/schemas/2016-06-01/workflowdefinition.json#","contentVersion":"1.0.0.0","parameters":{"$connections":{"defaultValue":{},"type":"Object"},"$authentication":{"defaultValue":{},"type":"SecureObject"}},"triggers":{"When_a_record_is_created,_updated_or_deleted":{"type":"OpenApiConnectionWebhook","inputs":{"host":{"connectionName":"shared_commondataserviceforapps","operationId":"SubscribeWebhookTrigger","apiId":"/providers/Microsoft.PowerApps/apis/shared_commondataserviceforapps"},"parameters":{"subscriptionRequest/message":7,"subscriptionRequest/entityname":"cra64_employeeonboardingchecklist","subscriptionRequest/scope":4},"authentication":"@parameters('$authentication')"}}},"actions":{"Get_Assigned_IT_Owner":{"runAfter":{},"type":"OpenApiConnection","inputs":{"host":{"connectionName":"shared_commondataserviceforapps","operationId":"GetItem","apiId":"/providers/Microsoft.PowerApps/apis/shared_commondataserviceforapps"},"parameters":{"entityName":"systemusers","recordId":"@triggerOutputs()?['body/_cra64_itowner_value']"},"authentication":"@parameters('$authentication')"}},"Condition":{"actions":{"Plug_in_the_emailed_field":{"runAfter":{"Send_an_email_notification_(V3)":["Succeeded"]},"type":"OpenApiConnection","inputs":{"host":{"connectionName":"shared_commondataserviceforapps","operationId":"UpdateRecord","apiId":"/providers/Microsoft.PowerApps/apis/shared_commondataserviceforapps"},"parameters":{"entityName":"cra64_employeeonboardingchecklists","recordId":"@triggerOutputs()?['body/cra64_employeeonboardingchecklistid']","item/cra64_emaileditowneremailofassignmentnotice":"@outputs('Get_Assigned_IT_Owner')?['body/internalemailaddress']"},"authentication":"@parameters('$authentication')"}},"Get_onboarding_employee":{"runAfter":{},"type":"OpenApiConnection","inputs":{"host":{"connectionName":"shared_commondataserviceforapps","operationId":"GetItem","apiId":"/providers/Microsoft.PowerApps/apis/shared_commondataserviceforapps"},"parameters":{"entityName":"systemusers","recordId":"@triggerOutputs()?['body/_cra64_onboardingemployee_value']"},"authentication":"@parameters('$authentication')"}},"Send_an_email_notification_(V3)":{"runAfter":{"Get_onboarding_employee":["Succeeded"]},"type":"OpenApiConnection","inputs":{"host":{"connectionName":"shared_sendmail","operationId":"SendEmailV3","apiId":"/providers/Microsoft.PowerApps/apis/shared_sendmail"},"parameters":{"request/to":"@outputs('Get_Assigned_IT_Owner')?['body/internalemailaddress']","request/subject":"New Checklist Assignment","request/text":"<p>Hello @{outputs('Get_Assigned_IT_Owner')?['body/fullname']},<br>\n<br>\nYou have been assigned as the owner of a new onboarding IT checklist for @{outputs('Get_onboarding_employee')?['body/fullname']}. Please go and complete the items at your convenience.<br>\n<br>\nThank you.</p>"},"authentication":"@parameters('$authentication')"}}},"runAfter":{"Get_Assigned_IT_Owner":["Succeeded"]},"expression":{"not":{"equals":["@triggerOutputs()?['body/cra64_emaileditowneremailofassignmentnotice']","@outputs('Get_Assigned_IT_Owner')?['body/internalemailaddress']"]}},"type":"If"}},"outputs":{}}},"schemaVersion":"1.0.0.0"}