{"properties":{"connectionReferences":{"shared_commondataserviceforapps":{"runtimeSource":"embedded","connection":{},"api":{"name":"shared_commondataserviceforapps"}}},"definition":{"$schema":"https://schema.management.azure.com/providers/Microsoft.Logic/schemas/2016-06-01/workflowdefinition.json#","contentVersion":"1.0.0.0","parameters":{"$connections":{"defaultValue":{},"type":"Object"},"$authentication":{"defaultValue":{},"type":"SecureObject"}},"triggers":{"When_a_record_is_created,_updated_or_deleted":{"type":"OpenApiConnectionWebhook","inputs":{"host":{"connectionName":"shared_commondataserviceforapps","operationId":"SubscribeWebhookTrigger","apiId":"/providers/Microsoft.PowerApps/apis/shared_commondataserviceforapps"},"parameters":{"subscriptionRequest/message":1,"subscriptionRequest/entityname":"cra64_employeeonboardingchecklist","subscriptionRequest/scope":4},"authentication":"@parameters('$authentication')"}}},"actions":{"Create_Domestic_Violence":{"runAfter":{},"type":"OpenApiConnection","inputs":{"host":{"connectionName":"shared_commondataserviceforapps","operationId":"CreateRecord","apiId":"/providers/Microsoft.PowerApps/apis/shared_commondataserviceforapps"},"parameters":{"entityName":"cra64_hrfileattachments"},"authentication":"@parameters('$authentication')"}},"Update_a_record":{"runAfter":{"Create_Policy_and_Procedures_Acknowledgement":["Succeeded"]},"type":"OpenApiConnection","inputs":{"host":{"connectionName":"shared_commondataserviceforapps","operationId":"UpdateRecord","apiId":"/providers/Microsoft.PowerApps/apis/shared_commondataserviceforapps"},"parameters":{"entityName":"cra64_employeeonboardingchecklists","recordId":"@triggerOutputs()?['body/cra64_employeeonboardingchecklistid']","item/cra64_DomesticViolenceAgreement@odata.bind":"cra64_hrfileattachments(@{outputs('Create_Domestic_Violence')?['body/cra64_hrfileattachmentid']})","item/cra64_FLSAStatusForm@odata.bind":"cra64_hrfileattachments(@{outputs('Create_FLSA_Status')?['body/cra64_hrfileattachmentid']})","item/cra64_I9Form@odata.bind":"cra64_hrfileattachments(@{outputs('Create_I9')?['body/cra64_hrfileattachmentid']})","item/cra64_PolicyandProceduresAcknowledgement@odata.bind":"cra64_hrfileattachments(@{outputs('Create_Policy_and_Procedures_Acknowledgement')?['body/cra64_hrfileattachmentid']})","item/cra64_SystemConfidentialityAgreement@odata.bind":"cra64_hrfileattachments(@{outputs('Create_System_Confidentiality_Agreement')?['body/cra64_hrfileattachmentid']})"},"authentication":"@parameters('$authentication')"}},"Create_I9":{"runAfter":{"Create_Domestic_Violence":["Succeeded"]},"type":"OpenApiConnection","inputs":{"host":{"connectionName":"shared_commondataserviceforapps","operationId":"CreateRecord","apiId":"/providers/Microsoft.PowerApps/apis/shared_commondataserviceforapps"},"parameters":{"entityName":"cra64_hrfileattachments"},"authentication":"@parameters('$authentication')"}},"Create_System_Confidentiality_Agreement":{"runAfter":{"Create_I9":["Succeeded"]},"type":"OpenApiConnection","inputs":{"host":{"connectionName":"shared_commondataserviceforapps","operationId":"CreateRecord","apiId":"/providers/Microsoft.PowerApps/apis/shared_commondataserviceforapps"},"parameters":{"entityName":"cra64_hrfileattachments"},"authentication":"@parameters('$authentication')"}},"Create_FLSA_Status":{"runAfter":{"Create_System_Confidentiality_Agreement":["Succeeded"]},"type":"OpenApiConnection","inputs":{"host":{"connectionName":"shared_commondataserviceforapps","operationId":"CreateRecord","apiId":"/providers/Microsoft.PowerApps/apis/shared_commondataserviceforapps"},"parameters":{"entityName":"cra64_hrfileattachments"},"authentication":"@parameters('$authentication')"}},"Create_Policy_and_Procedures_Acknowledgement":{"runAfter":{"Create_FLSA_Status":["Succeeded"]},"type":"OpenApiConnection","inputs":{"host":{"connectionName":"shared_commondataserviceforapps","operationId":"CreateRecord","apiId":"/providers/Microsoft.PowerApps/apis/shared_commondataserviceforapps"},"parameters":{"entityName":"cra64_hrfileattachments"},"authentication":"@parameters('$authentication')"}}},"outputs":{}}},"schemaVersion":"1.0.0.0"}