{"properties":{"connectionReferences":{"shared_commondataserviceforapps":{"runtimeSource":"embedded","connection":{},"api":{"name":"shared_commondataserviceforapps"}},"shared_cor-20tools-5f15e39ddfec5db2a3-5fcde0a74e4f7c60e8":{"runtimeSource":"embedded","connection":{},"api":{"name":"shared_cor-20tools-5f15e39ddfec5db2a3-5fcde0a74e4f7c60e8"}},"shared_azureblob":{"runtimeSource":"embedded","connection":{},"api":{"name":"shared_azureblob"}},"shared_sendmail":{"runtimeSource":"embedded","connection":{},"api":{"name":"shared_sendmail"}}},"definition":{"$schema":"https://schema.management.azure.com/providers/Microsoft.Logic/schemas/2016-06-01/workflowdefinition.json#","contentVersion":"1.0.0.0","parameters":{"$connections":{"defaultValue":{},"type":"Object"},"$authentication":{"defaultValue":{},"type":"SecureObject"}},"triggers":{"When_a_record_is_created,_updated_or_deleted":{"type":"OpenApiConnectionWebhook","inputs":{"host":{"connectionName":"shared_commondataserviceforapps","operationId":"SubscribeWebhookTrigger","apiId":"/providers/Microsoft.PowerApps/apis/shared_commondataserviceforapps"},"parameters":{"subscriptionRequest/message":3,"subscriptionRequest/entityname":"cmg_correspondence","subscriptionRequest/scope":4},"authentication":"@parameters('$authentication')"}}},"actions":{"Catch_Not_Done":{"runAfter":{"GET_CORRESPONDENCE":["Succeeded"]},"type":"InitializeVariable","inputs":{"variables":[{"name":"f","type":"string","value":"@{length(triggerOutputs()?['body/cmg_bureauchiefsignatureid'])}@{length(triggerOutputs()?['body/cmg_cabinetsecretarysignatureid'])}@{length(triggerOutputs()?['body/cmg_cabinetsecretarysignatureid'])}@{length(triggerOutputs()?['body/cmg_generalcounselsignatureid'])}"}]}},"List_records":{"runAfter":{"Get_Director":["Succeeded"]},"type":"OpenApiConnection","inputs":{"host":{"connectionName":"shared_commondataserviceforapps","operationId":"ListRecords","apiId":"/providers/Microsoft.PowerApps/apis/shared_commondataserviceforapps"},"parameters":{"entityName":"cmg_correspondenceattachments","$filter":"_cmg_parentcorrespondence_value eq @{triggerOutputs()?['body/cmg_correspondenceid']}"},"authentication":"@parameters('$authentication')"}},"Apply_to_each":{"foreach":"@outputs('List_records')?['body/value']","actions":{"SignLight":{"runAfter":{},"type":"OpenApiConnection","inputs":{"host":{"connectionName":"shared_cor-20tools-5f15e39ddfec5db2a3-5fcde0a74e4f7c60e8","operationId":"SignLight","apiId":"/providers/Microsoft.PowerApps/apis/shared_cor-20tools-5f15e39ddfec5db2a3-5fcde0a74e4f7c60e8"},"parameters":{"body/DocumentUrl":"@items('Apply_to_each')?['cmg_linktofile']","body/Signature1Url":"@outputs('Create_SAS_URI_by_path')?['body/WebUrl']","body/Signature2Url":"@outputs('Create_SAS_URI_by_path_2')?['body/WebUrl']","body/Signature3Url":"@outputs('Create_SAS_URI_by_path_3')?['body/WebUrl']","body/Signature4Url":"@outputs('Create_SAS_URI_by_path_4')?['body/WebUrl']","body/Person1":"@{outputs('Get_Bureau_Chief')?['body/fullname']}, Bureau Chief","body/Person2":"@{outputs('Get_General_Counsel')?['body/fullname']}, General Counsel","body/Person3":"@{outputs('Get_Director')?['body/fullname']}, Director","body/Person4":"James C. Kenney, Cabinet Secretary"},"authentication":"@parameters('$authentication')"}},"Plug_in_signed_document_url":{"runAfter":{"SignLight":["Succeeded"]},"type":"OpenApiConnection","inputs":{"host":{"connectionName":"shared_commondataserviceforapps","operationId":"UpdateRecord","apiId":"/providers/Microsoft.PowerApps/apis/shared_commondataserviceforapps"},"parameters":{"entityName":"cmg_correspondenceattachments","recordId":"@items('Apply_to_each')?['cmg_correspondenceattachmentid']","item/cmg_finalsignedcopyurl":"@outputs('SignLight')?['body']"},"authentication":"@parameters('$authentication')"}},"Append_to_array_variable":{"runAfter":{"Plug_in_signed_document_url":["Succeeded"]},"type":"AppendToArrayVariable","inputs":{"name":"List of links to signed documents","value":"@outputs('SignLight')?['body']"}}},"runAfter":{"Initialize_variable":["Succeeded"]},"type":"Foreach"},"Create_blob":{"runAfter":{"List_records":["Succeeded"]},"type":"OpenApiConnection","inputs":{"host":{"connectionName":"shared_azureblob","operationId":"CreateFile","apiId":"/providers/Microsoft.PowerApps/apis/shared_azureblob"},"parameters":{"folderPath":"/signatures","name":"@{triggerOutputs()?['body/cmg_correspondenceid']}001","body":"@base64ToBinary(outputs('GET_CORRESPONDENCE')?['body/cmg_bureauchiefsignature'])"},"authentication":"@parameters('$authentication')"},"runtimeConfiguration":{"contentTransfer":{"transferMode":"Chunked"}}},"Create_blob_2":{"runAfter":{"Create_blob":["Succeeded"]},"type":"OpenApiConnection","inputs":{"host":{"connectionName":"shared_azureblob","operationId":"CreateFile","apiId":"/providers/Microsoft.PowerApps/apis/shared_azureblob"},"parameters":{"folderPath":"/signatures","name":"@{triggerOutputs()?['body/cmg_correspondenceid']}002","body":"@base64ToBinary(outputs('GET_CORRESPONDENCE')?['body/cmg_generalcounselsignature'])"},"authentication":"@parameters('$authentication')"},"runtimeConfiguration":{"contentTransfer":{"transferMode":"Chunked"}}},"Create_blob_3":{"runAfter":{"Create_blob_2":["Succeeded"]},"type":"OpenApiConnection","inputs":{"host":{"connectionName":"shared_azureblob","operationId":"CreateFile","apiId":"/providers/Microsoft.PowerApps/apis/shared_azureblob"},"parameters":{"folderPath":"/signatures","name":"@{triggerOutputs()?['body/cmg_correspondenceid']}003","body":"@base64ToBinary(outputs('GET_CORRESPONDENCE')?['body/cmg_directorsignature'])"},"authentication":"@parameters('$authentication')"},"runtimeConfiguration":{"contentTransfer":{"transferMode":"Chunked"}}},"Create_blob_4":{"runAfter":{"Create_blob_3":["Succeeded"]},"type":"OpenApiConnection","inputs":{"host":{"connectionName":"shared_azureblob","operationId":"CreateFile","apiId":"/providers/Microsoft.PowerApps/apis/shared_azureblob"},"parameters":{"folderPath":"/signatures","name":"@triggerOutputs()?['body/cmg_correspondenceid']","body":"@base64ToBinary(outputs('GET_CORRESPONDENCE')?['body/cmg_cabinetsecretarysignature'])"},"authentication":"@parameters('$authentication')"},"runtimeConfiguration":{"contentTransfer":{"transferMode":"Chunked"}}},"Create_SAS_URI_by_path":{"runAfter":{"Create_blob_4":["Succeeded"]},"type":"OpenApiConnection","inputs":{"host":{"connectionName":"shared_azureblob","operationId":"CreateShareLinkByPath","apiId":"/providers/Microsoft.PowerApps/apis/shared_azureblob"},"parameters":{"path":"@outputs('Create_blob')?['body/Path']","policy/Permissions":"Read"},"authentication":"@parameters('$authentication')"}},"Create_SAS_URI_by_path_2":{"runAfter":{"Create_SAS_URI_by_path":["Succeeded"]},"type":"OpenApiConnection","inputs":{"host":{"connectionName":"shared_azureblob","operationId":"CreateShareLinkByPath","apiId":"/providers/Microsoft.PowerApps/apis/shared_azureblob"},"parameters":{"path":"@outputs('Create_blob_2')?['body/Path']","policy/Permissions":"Read"},"authentication":"@parameters('$authentication')"}},"Create_SAS_URI_by_path_3":{"runAfter":{"Create_SAS_URI_by_path_2":["Succeeded"]},"type":"OpenApiConnection","inputs":{"host":{"connectionName":"shared_azureblob","operationId":"CreateShareLinkByPath","apiId":"/providers/Microsoft.PowerApps/apis/shared_azureblob"},"parameters":{"path":"@outputs('Create_blob_3')?['body/Path']","policy/Permissions":"Read"},"authentication":"@parameters('$authentication')"}},"Create_SAS_URI_by_path_4":{"runAfter":{"Create_SAS_URI_by_path_3":["Succeeded"]},"type":"OpenApiConnection","inputs":{"host":{"connectionName":"shared_azureblob","operationId":"CreateShareLinkByPath","apiId":"/providers/Microsoft.PowerApps/apis/shared_azureblob"},"parameters":{"path":"@outputs('Create_blob_4')?['body/Path']","policy/Permissions":"Read"},"authentication":"@parameters('$authentication')"}},"GET_CORRESPONDENCE":{"runAfter":{"Cancel_if_the_record_is_inactive":["Succeeded"]},"type":"OpenApiConnection","inputs":{"host":{"connectionName":"shared_commondataserviceforapps","operationId":"GetItem","apiId":"/providers/Microsoft.PowerApps/apis/shared_commondataserviceforapps"},"parameters":{"entityName":"cmg_correspondences","recordId":"@triggerOutputs()?['body/cmg_correspondenceid']"},"authentication":"@parameters('$authentication')"}},"Get_Bureau_Chief":{"runAfter":{"Catch_Not_Done":["Succeeded"]},"type":"OpenApiConnection","inputs":{"host":{"connectionName":"shared_commondataserviceforapps","operationId":"GetItem","apiId":"/providers/Microsoft.PowerApps/apis/shared_commondataserviceforapps"},"parameters":{"entityName":"systemusers","recordId":"@triggerOutputs()?['body/_cmg_bureauchief_value']"},"authentication":"@parameters('$authentication')"}},"Get_General_Counsel":{"runAfter":{"Get_Bureau_Chief":["Succeeded"]},"type":"OpenApiConnection","inputs":{"host":{"connectionName":"shared_commondataserviceforapps","operationId":"GetItem","apiId":"/providers/Microsoft.PowerApps/apis/shared_commondataserviceforapps"},"parameters":{"entityName":"systemusers","recordId":"@triggerOutputs()?['body/_cmg_generalcounsel_value']"},"authentication":"@parameters('$authentication')"}},"Get_Director":{"runAfter":{"Get_General_Counsel":["Succeeded"]},"type":"OpenApiConnection","inputs":{"host":{"connectionName":"shared_commondataserviceforapps","operationId":"GetItem","apiId":"/providers/Microsoft.PowerApps/apis/shared_commondataserviceforapps"},"parameters":{"entityName":"systemusers","recordId":"@triggerOutputs()?['body/_cmg_director_value']"},"authentication":"@parameters('$authentication')"}},"Initialize_variable":{"runAfter":{"Create_SAS_URI_by_path_4":["Succeeded"]},"type":"InitializeVariable","inputs":{"variables":[{"name":"List of links to signed documents","type":"array"}]}},"Send_an_email_notification_(V3)":{"runAfter":{"Join":["Succeeded"]},"type":"OpenApiConnection","inputs":{"host":{"connectionName":"shared_sendmail","operationId":"SendEmailV3","apiId":"/providers/Microsoft.PowerApps/apis/shared_sendmail"},"parameters":{"request/to":"@{outputs('GET_CORRESPONDENCE')?['body/cmg_returnemail']};","request/subject":"Your documents (@{triggerOutputs()?['body/cmg_id']}) have been signed","request/text":"<p>Hello,<br>\n<br>\nThe documents that you have sent in to be reviewed have been approved and signed by the final approver(s). Please navigate to the below links to access the signed copies of your documents.<br>\n<br>\n@{body('Join')}<br>\n<br>\nThank you and have a good day,<br>\n<br>\n<img src=\"https://pbs.twimg.com/profile_images/1118624491125473280/bo8SWtMu.png\" width=\"120\" height=\"120\"><br>\nNew Mexico State Environment Department<br>\n1190 St. Francis Dr. Suite S2100<br>\nSanta Fe, NM 87505\n</p>"},"authentication":"@parameters('$authentication')"}},"Join":{"runAfter":{"Apply_to_each":["Succeeded"]},"type":"Join","inputs":{"from":"@variables('List of links to signed documents')","joinWith":"<br><br>"}},"Set_Cancel_Code_Example":{"runAfter":{"Set_Actual_Status_Code":["Succeeded"]},"type":"InitializeVariable","inputs":{"variables":[{"name":"Cancel Status (Inactive Code)","type":"string","value":"1"}]}},"Cancel_if_the_record_is_inactive":{"actions":{"Terminate":{"runAfter":{},"type":"Terminate","inputs":{"runStatus":"Cancelled"}}},"runAfter":{"Set_Cancel_Code_Example":["Succeeded"]},"expression":{"equals":["@variables('Actual Status Code')","@variables('Cancel Status (Inactive Code)')"]},"type":"If"},"Set_Actual_Status_Code":{"runAfter":{},"type":"InitializeVariable","inputs":{"variables":[{"name":"Actual Status Code","type":"string","value":"@{triggerOutputs()?['body/statecode']}"}]}},"Mark_correspondence_as_inactive":{"runAfter":{"Send_an_email_notification_(V3)":["Succeeded"]},"type":"OpenApiConnection","inputs":{"host":{"connectionName":"shared_commondataserviceforapps","operationId":"UpdateRecord","apiId":"/providers/Microsoft.PowerApps/apis/shared_commondataserviceforapps"},"parameters":{"entityName":"cmg_correspondences","recordId":"@triggerOutputs()?['body/cmg_correspondenceid']","item/statecode":1},"authentication":"@parameters('$authentication')"}}},"outputs":{}}},"schemaVersion":"1.0.0.0"}