{"properties":{"connectionReferences":{"shared_commondataserviceforapps":{"runtimeSource":"embedded","connection":{},"api":{"name":"shared_commondataserviceforapps"}},"shared_office365":{"runtimeSource":"embedded","connection":{},"api":{"name":"shared_office365"}}},"definition":{"$schema":"https://schema.management.azure.com/providers/Microsoft.Logic/schemas/2016-06-01/workflowdefinition.json#","contentVersion":"1.0.0.0","parameters":{"$connections":{"defaultValue":{},"type":"Object"},"$authentication":{"defaultValue":{},"type":"SecureObject"}},"triggers":{"When_a_new_email_arrives_(V3)":{"splitOn":"@triggerOutputs()?['body/value']","type":"OpenApiConnectionNotification","inputs":{"host":{"connectionName":"shared_office365","operationId":"OnNewEmailV3","apiId":"/providers/Microsoft.PowerApps/apis/shared_office365"},"parameters":{"folderPath":"Inbox","includeAttachments":false,"importance":"Any","fetchOnlyWithAttachment":true},"authentication":"@parameters('$authentication')"}}},"actions":{"Condition":{"actions":{"Terminate":{"runAfter":{},"type":"Terminate","inputs":{"runStatus":"Cancelled"}}},"runAfter":{},"expression":{"not":{"contains":["@triggerOutputs()?['body/subject']","sign"]}},"type":"If"},"Apply_to_each":{"foreach":"@triggerOutputs()?['body/attachments']","actions":{"Create_new_associated_note":{"runAfter":{"Get_Attachment_(V2)":["Succeeded"]},"type":"OpenApiConnection","inputs":{"host":{"connectionName":"shared_commondataserviceforapps","operationId":"CreateRecord","apiId":"/providers/Microsoft.PowerApps/apis/shared_commondataserviceforapps"},"parameters":{"entityName":"annotations","item/subject":"@items('Apply_to_each')?['name']","item/isdocument":true,"item/documentbody":"@binary(outputs('Get_Attachment_(V2)')?['body/contentBytes'])","item/filename":"@items('Apply_to_each')?['name']","item/dummyfilename":"@items('Apply_to_each')?['name']","item/objectid_cmg_receivedcorrespondence@odata.bind":"cmg_receivedcorrespondences(@{outputs('Create_Received_Correspondence')?['body/cmg_receivedcorrespondenceid']})"},"authentication":"@parameters('$authentication')"}},"Get_Attachment_(V2)":{"runAfter":{},"type":"OpenApiConnection","inputs":{"host":{"connectionName":"shared_office365","operationId":"GetAttachment_V2","apiId":"/providers/Microsoft.PowerApps/apis/shared_office365"},"parameters":{"messageId":"@triggerOutputs()?['body/id']","attachmentId":"@items('Apply_to_each')?['id']"},"authentication":"@parameters('$authentication')"}}},"runAfter":{"Create_Received_Correspondence":["Succeeded"]},"type":"Foreach"},"Create_Received_Correspondence":{"runAfter":{"Condition":["Succeeded"]},"type":"OpenApiConnection","inputs":{"host":{"connectionName":"shared_commondataserviceforapps","operationId":"CreateRecord","apiId":"/providers/Microsoft.PowerApps/apis/shared_commondataserviceforapps"},"parameters":{"entityName":"cmg_receivedcorrespondences","item/cmg_correspondencetype":175450000,"item/cmg_receivedat":"@triggerOutputs()?['body/receivedDateTime']","item/cmg_returnemail":"@triggerOutputs()?['body/from']"},"authentication":"@parameters('$authentication')"}},"Submit_for_signing!":{"runAfter":{"Apply_to_each":["Succeeded"]},"type":"OpenApiConnection","inputs":{"host":{"connectionName":"shared_commondataserviceforapps","operationId":"UpdateRecord","apiId":"/providers/Microsoft.PowerApps/apis/shared_commondataserviceforapps"},"parameters":{"entityName":"cmg_receivedcorrespondences","recordId":"@outputs('Create_Received_Correspondence')?['body/cmg_receivedcorrespondenceid']","item/cmg_submitforsigning":true},"authentication":"@parameters('$authentication')"}}},"outputs":{}}},"schemaVersion":"1.0.0.0"}