{"properties":{"connectionReferences":{"shared_commondataserviceforapps":{"runtimeSource":"embedded","connection":{},"api":{"name":"shared_commondataserviceforapps"}},"shared_azureblob":{"runtimeSource":"embedded","connection":{},"api":{"name":"shared_azureblob"}}},"definition":{"$schema":"https://schema.management.azure.com/providers/Microsoft.Logic/schemas/2016-06-01/workflowdefinition.json#","contentVersion":"1.0.0.0","parameters":{"$connections":{"defaultValue":{},"type":"Object"},"$authentication":{"defaultValue":{},"type":"SecureObject"}},"triggers":{"When_a_record_is_created,_updated_or_deleted":{"type":"OpenApiConnectionWebhook","inputs":{"host":{"connectionName":"shared_commondataserviceforapps","operationId":"SubscribeWebhookTrigger","apiId":"/providers/Microsoft.PowerApps/apis/shared_commondataserviceforapps"},"parameters":{"subscriptionRequest/message":3,"subscriptionRequest/entityname":"cmg_receivedcorrespondence","subscriptionRequest/scope":4},"authentication":"@parameters('$authentication')"}}},"actions":{"Stop_if_\"Submit_for_Signing\"_is_false":{"actions":{"Terminate":{"runAfter":{},"type":"Terminate","inputs":{"runStatus":"Cancelled"}}},"runAfter":{"If_it_is_inactive,_terminate":["Succeeded"]},"expression":{"equals":["@triggerOutputs()?['body/cmg_submitforsigning']",false]},"type":"If"},"Get_associated_notes":{"runAfter":{"Create_correspondence":["Succeeded"]},"type":"OpenApiConnection","inputs":{"host":{"connectionName":"shared_commondataserviceforapps","operationId":"ListRecords","apiId":"/providers/Microsoft.PowerApps/apis/shared_commondataserviceforapps"},"parameters":{"entityName":"annotations","$filter":"_objectid_value eq @{triggerOutputs()?['body/cmg_receivedcorrespondenceid']}"},"authentication":"@parameters('$authentication')"}},"Apply_to_each":{"foreach":"@outputs('Get_associated_notes')?['body/value']","actions":{"Create_correspondence_attachment":{"runAfter":{"Create_SAS_URI_by_path":["Succeeded"]},"type":"OpenApiConnection","inputs":{"host":{"connectionName":"shared_commondataserviceforapps","operationId":"CreateRecord","apiId":"/providers/Microsoft.PowerApps/apis/shared_commondataserviceforapps"},"parameters":{"entityName":"cmg_correspondenceattachments","item/cmg_title":"@items('Apply_to_each')?['filename']","item/cmg_linktofile":"@outputs('Create_SAS_URI_by_path')?['body/WebUrl']","item/cmg_ParentCorrespondence@odata.bind":"cmg_correspondences(@{outputs('Create_correspondence')?['body/cmg_correspondenceid']})"},"authentication":"@parameters('$authentication')"}},"Create_blob":{"runAfter":{},"type":"OpenApiConnection","inputs":{"host":{"connectionName":"shared_azureblob","operationId":"CreateFile","apiId":"/providers/Microsoft.PowerApps/apis/shared_azureblob"},"parameters":{"folderPath":"/attachments","name":"@{items('Apply_to_each')?['annotationid']}-@{items('Apply_to_each')?['filename']}","body":"@base64ToBinary(items('Apply_to_each')['documentbody'])"},"authentication":"@parameters('$authentication')"},"runtimeConfiguration":{"contentTransfer":{"transferMode":"Chunked"}}},"Create_SAS_URI_by_path":{"runAfter":{"Create_blob":["Succeeded"]},"type":"OpenApiConnection","inputs":{"host":{"connectionName":"shared_azureblob","operationId":"CreateShareLinkByPath","apiId":"/providers/Microsoft.PowerApps/apis/shared_azureblob"},"parameters":{"path":"@outputs('Create_blob')?['body/Path']","policy/Permissions":"Read"},"authentication":"@parameters('$authentication')"}}},"runAfter":{"Get_associated_notes":["Succeeded"]},"type":"Foreach"},"Create_correspondence":{"runAfter":{"Stop_if_\"Submit_for_Signing\"_is_false":["Succeeded"]},"type":"OpenApiConnection","inputs":{"host":{"connectionName":"shared_commondataserviceforapps","operationId":"CreateRecord","apiId":"/providers/Microsoft.PowerApps/apis/shared_commondataserviceforapps"},"parameters":{"entityName":"cmg_correspondences","item/cmg_BureauChief@odata.bind":"systemusers(f0d44176-c5f9-ea11-a816-000d3a1b1223)","item/cmg_Director@odata.bind":"systemusers(69931a42-22f5-ea11-a815-000d3a9c7ffa)","item/cmg_GeneralCounsel@odata.bind":"systemusers(62dcb0eb-c5f9-ea11-a816-000d3a1b1223)","item/cmg_returnaddress":"@triggerOutputs()?['body/cmg_returnaddress']","item/cmg_returnemail":"@triggerOutputs()?['body/cmg_returnemail']"},"authentication":"@parameters('$authentication')"}},"Deactivate_the_received_correspondence":{"runAfter":{"Apply_to_each":["Succeeded"]},"type":"OpenApiConnection","inputs":{"host":{"connectionName":"shared_commondataserviceforapps","operationId":"UpdateRecord","apiId":"/providers/Microsoft.PowerApps/apis/shared_commondataserviceforapps"},"parameters":{"entityName":"cmg_receivedcorrespondences","recordId":"@triggerOutputs()?['body/cmg_receivedcorrespondenceid']","item/statecode":1},"authentication":"@parameters('$authentication')"}},"If_it_is_inactive,_terminate":{"actions":{"Terminate_2":{"runAfter":{},"type":"Terminate","inputs":{"runStatus":"Cancelled"}}},"runAfter":{"Set_Failure_Example_Status_Code":["Succeeded"]},"expression":{"equals":["@variables('Received Correspondence Status Code')","@variables('Failure Status Code')"]},"type":"If"},"Set_Actual_Status_Code":{"runAfter":{},"type":"InitializeVariable","inputs":{"variables":[{"name":"Received Correspondence Status Code","type":"string","value":"@{triggerOutputs()?['body/statecode']}"}]}},"Set_Failure_Example_Status_Code":{"runAfter":{"Set_Actual_Status_Code":["Succeeded"]},"type":"InitializeVariable","inputs":{"variables":[{"name":"Failure Status Code","type":"string","value":"1"}]}}},"outputs":{}}},"schemaVersion":"1.0.0.0"}