{
  "properties": {
    "connectionReferences": {
      "shared_commondataserviceforapps": {
        "runtimeSource": "embedded",
        "connection": {
          "connectionReferenceLogicalName": "immu_sharedcommondataserviceforapps_80d89"
        },
        "api": {
          "name": "shared_commondataserviceforapps"
        }
      },
      "shared_sendmail": {
        "runtimeSource": "embedded",
        "connection": {
          "connectionReferenceLogicalName": "immu_sharedsendmail_844a0"
        },
        "api": {
          "name": "shared_sendmail"
        }
      }
    },
    "definition": {
      "$schema": "https://schema.management.azure.com/providers/Microsoft.Logic/schemas/2016-06-01/workflowdefinition.json#",
      "contentVersion": "1.0.0.0",
      "parameters": {
        "$connections": {
          "defaultValue": {},
          "type": "Object"
        },
        "$authentication": {
          "defaultValue": {},
          "type": "SecureObject"
        }
      },
      "triggers": {
        "manual": {
          "type": "Request",
          "kind": "Http",
          "inputs": {
            "schema": {
              "type": "object",
              "properties": {
                "case": {
                  "type": "string"
                }
              }
            }
          }
        }
      },
      "actions": {
        "Get_email_template": {
          "runAfter": {
            "Get_case_(vaccine_candidate)_details": [
              "Succeeded"
            ]
          },
          "type": "OpenApiConnection",
          "inputs": {
            "host": {
              "connectionName": "shared_commondataserviceforapps",
              "operationId": "GetItem",
              "apiId": "/providers/Microsoft.PowerApps/apis/shared_commondataserviceforapps"
            },
            "parameters": {
              "entityName": "immu_patientmessagingtemplates",
              "recordId": "dc32d439-02b4-eb11-8236-000d3a332b23"
            },
            "authentication": "@parameters('$authentication')"
          }
        },
        "Get_contact_details": {
          "runAfter": {
            "Get_email_template": [
              "Succeeded"
            ]
          },
          "type": "OpenApiConnection",
          "inputs": {
            "host": {
              "connectionName": "shared_commondataserviceforapps",
              "operationId": "GetItem",
              "apiId": "/providers/Microsoft.PowerApps/apis/shared_commondataserviceforapps"
            },
            "parameters": {
              "entityName": "contacts",
              "recordId": "@outputs('Get_case_(vaccine_candidate)_details')?['body/_customerid_value']"
            },
            "authentication": "@parameters('$authentication')"
          }
        },
        "Get_case_(vaccine_candidate)_details": {
          "runAfter": {},
          "type": "OpenApiConnection",
          "inputs": {
            "host": {
              "connectionName": "shared_commondataserviceforapps",
              "operationId": "GetItem",
              "apiId": "/providers/Microsoft.PowerApps/apis/shared_commondataserviceforapps"
            },
            "parameters": {
              "entityName": "incidents",
              "recordId": "@triggerBody()?['case']"
            },
            "authentication": "@parameters('$authentication')"
          }
        },
        "Log_interaction": {
          "runAfter": {
            "Send_an_email_notification_(V3)": [
              "Succeeded"
            ]
          },
          "type": "OpenApiConnection",
          "inputs": {
            "host": {
              "connectionName": "shared_commondataserviceforapps",
              "operationId": "CreateRecord",
              "apiId": "/providers/Microsoft.PowerApps/apis/shared_commondataserviceforapps"
            },
            "parameters": {
              "entityName": "immu_contactinteractions",
              "item/immu_ParentCase@odata.bind": "incidents(@{outputs('Get_case_(vaccine_candidate)_details')?['body/incidentid']})",
              "item/immu_contactedemail": "@outputs('Get_contact_details')?['body/emailaddress1']",
              "item/immu_interactionoccurredat": "@utcNow()",
              "item/immu_messagesent": "@variables('Body4')",
              "item/immu_method": 542540002
            },
            "authentication": "@parameters('$authentication')"
          }
        },
        "List_patient_medical_conditions": {
          "runAfter": {
            "Get_contact_details": [
              "Succeeded"
            ]
          },
          "type": "OpenApiConnection",
          "inputs": {
            "host": {
              "connectionName": "shared_commondataserviceforapps",
              "operationId": "ListRecords",
              "apiId": "/providers/Microsoft.PowerApps/apis/shared_commondataserviceforapps"
            },
            "parameters": {
              "entityName": "immu_patientmedicalconditions",
              "$filter": "_immu_parentpatient_value eq @{outputs('Get_contact_details')?['body/contactid']}"
            },
            "authentication": "@parameters('$authentication')"
          }
        },
        "Loop_through_each_patient_medical_condition": {
          "foreach": "@outputs('List_patient_medical_conditions')?['body/value']",
          "actions": {
            "Switch": {
              "runAfter": {},
              "cases": {
                "If_asthma": {
                  "case": "d7c9e5f7-b0b8-eb11-8236-000d3a5be7de",
                  "actions": {
                    "Set_variable": {
                      "runAfter": {},
                      "type": "SetVariable",
                      "inputs": {
                        "name": "Body3",
                        "value": "@{replace(variables('Body2'), '{{medical_alerts}}', 'Our records indicate you have a history of Asthma. The CDC specifically recommends that those with Asthma should received the vaccine due to higher health risks.')}"
                      }
                    }
                  }
                }
              },
              "default": {
                "actions": {}
              },
              "expression": "@items('Loop_through_each_patient_medical_condition')?['_immu_referencedcondition_value']",
              "type": "Switch"
            }
          },
          "runAfter": {
            "Prepare_for_plugging_in_medical_conditions_(Body3)": [
              "Succeeded"
            ]
          },
          "type": "Foreach"
        },
        "Prepare_message_body": {
          "runAfter": {
            "List_patient_medical_conditions": [
              "Succeeded"
            ]
          },
          "type": "InitializeVariable",
          "inputs": {
            "variables": [
              {
                "name": "Body",
                "type": "string",
                "value": "@{replace(outputs('Get_email_template')?['body/immu_messagebody'], '{{full_name}}', outputs('Get_contact_details')?['body/fullname'])}"
              }
            ]
          }
        },
        "Add_referral_URL_to_body_(Body2)": {
          "runAfter": {
            "Prepare_message_body": [
              "Succeeded"
            ]
          },
          "type": "InitializeVariable",
          "inputs": {
            "variables": [
              {
                "name": "Body2",
                "type": "string",
                "value": "@{replace(variables('Body'), '{{refer}}', outputs('Get_case_(vaccine_candidate)_details')?['body/immu_registrationreferralurl'])}"
              }
            ]
          }
        },
        "Prepare_for_plugging_in_medical_conditions_(Body3)": {
          "runAfter": {
            "Add_referral_URL_to_body_(Body2)": [
              "Succeeded"
            ]
          },
          "type": "InitializeVariable",
          "inputs": {
            "variables": [
              {
                "name": "Body3",
                "type": "string",
                "value": "@variables('Body2')"
              }
            ]
          }
        },
        "Remove_medical_alerts_tag_if_it_still_exists_(Body4)": {
          "runAfter": {
            "Loop_through_each_patient_medical_condition": [
              "Succeeded"
            ]
          },
          "type": "InitializeVariable",
          "inputs": {
            "variables": [
              {
                "name": "Body4",
                "type": "string",
                "value": "@{replace(variables('Body3'), '{{medical_alerts}}', '')}"
              }
            ]
          }
        },
        "Send_an_email_notification_(V3)": {
          "runAfter": {
            "Remove_medical_alerts_tag_if_it_still_exists_(Body4)": [
              "Succeeded"
            ]
          },
          "type": "OpenApiConnection",
          "inputs": {
            "host": {
              "connectionName": "shared_sendmail",
              "operationId": "SendEmailV3",
              "apiId": "/providers/Microsoft.PowerApps/apis/shared_sendmail"
            },
            "parameters": {
              "request/to": "@{outputs('Get_contact_details')?['body/emailaddress1']};",
              "request/subject": "Vaccines Now Available",
              "request/text": "<p>@{variables('Body4')}</p>"
            },
            "authentication": "@parameters('$authentication')"
          }
        }
      },
      "outputs": {}
    }
  },
  "schemaVersion": "1.0.0.0"
}