{
  "properties": {
    "connectionReferences": {
      "shared_commondataserviceforapps": {
        "runtimeSource": "embedded",
        "connection": {},
        "api": {
          "name": "shared_commondataserviceforapps"
        }
      },
      "shared_twilio": {
        "runtimeSource": "embedded",
        "connection": {},
        "api": {
          "name": "shared_twilio"
        }
      }
    },
    "definition": {
      "$schema": "https://schema.management.azure.com/providers/Microsoft.Logic/schemas/2016-06-01/workflowdefinition.json#",
      "contentVersion": "1.0.0.0",
      "parameters": {
        "$connections": {
          "defaultValue": {},
          "type": "Object"
        },
        "$authentication": {
          "defaultValue": {},
          "type": "SecureObject"
        }
      },
      "triggers": {
        "manual": {
          "type": "Request",
          "kind": "Http",
          "inputs": {
            "schema": {
              "type": "object",
              "properties": {
                "case": {
                  "type": "string"
                }
              }
            }
          }
        }
      },
      "actions": {
        "Get_SMS_template": {
          "runAfter": {
            "Get_case_(vaccine_candidate)_details": [
              "Succeeded"
            ]
          },
          "type": "OpenApiConnection",
          "inputs": {
            "host": {
              "connectionName": "shared_commondataserviceforapps",
              "operationId": "GetItem",
              "apiId": "/providers/Microsoft.PowerApps/apis/shared_commondataserviceforapps"
            },
            "parameters": {
              "entityName": "immu_patientmessagingtemplates",
              "recordId": "2b9ce170-02b4-eb11-8236-000d3a332b23"
            },
            "authentication": "@parameters('$authentication')"
          }
        },
        "Get_contact_details": {
          "runAfter": {
            "Get_SMS_template": [
              "Succeeded"
            ]
          },
          "type": "OpenApiConnection",
          "inputs": {
            "host": {
              "connectionName": "shared_commondataserviceforapps",
              "operationId": "GetItem",
              "apiId": "/providers/Microsoft.PowerApps/apis/shared_commondataserviceforapps"
            },
            "parameters": {
              "entityName": "contacts",
              "recordId": "@outputs('Get_case_(vaccine_candidate)_details')?['body/_customerid_value']"
            },
            "authentication": "@parameters('$authentication')"
          }
        },
        "Prepare_message_body": {
          "runAfter": {
            "Get_contact_details": [
              "Succeeded"
            ]
          },
          "type": "InitializeVariable",
          "inputs": {
            "variables": [
              {
                "name": "Body",
                "type": "string",
                "value": "@{replace(outputs('Get_SMS_template')?['body/immu_messagebody'], '{{full_name}}', outputs('Get_contact_details')?['body/fullname'])}"
              }
            ]
          }
        },
        "Get_case_(vaccine_candidate)_details": {
          "runAfter": {},
          "type": "OpenApiConnection",
          "inputs": {
            "host": {
              "connectionName": "shared_commondataserviceforapps",
              "operationId": "GetItem",
              "apiId": "/providers/Microsoft.PowerApps/apis/shared_commondataserviceforapps"
            },
            "parameters": {
              "entityName": "incidents",
              "recordId": "@triggerBody()?['case']"
            },
            "authentication": "@parameters('$authentication')"
          }
        },
        "Log_interaction": {
          "runAfter": {
            "Send_Text_Message_(SMS)": [
              "Succeeded"
            ]
          },
          "type": "OpenApiConnection",
          "inputs": {
            "host": {
              "connectionName": "shared_commondataserviceforapps",
              "operationId": "CreateRecord",
              "apiId": "/providers/Microsoft.PowerApps/apis/shared_commondataserviceforapps"
            },
            "parameters": {
              "entityName": "immu_contactinteractions",
              "item/immu_ParentCase@odata.bind": "incidents(@{outputs('Get_case_(vaccine_candidate)_details')?['body/incidentid']})",
              "item/immu_contactedphone": "@outputs('Get_contact_details')?['body/mobilephone']",
              "item/immu_interactionoccurredat": "@utcNow()",
              "item/immu_messagesent": "@variables('Body2')",
              "item/immu_method": 542540001
            },
            "authentication": "@parameters('$authentication')"
          }
        },
        "Send_Text_Message_(SMS)": {
          "runAfter": {
            "Add_the_referral_link_to_the_body_(Body2)": [
              "Succeeded"
            ]
          },
          "type": "OpenApiConnection",
          "inputs": {
            "host": {
              "connectionName": "shared_twilio",
              "operationId": "SendMessage",
              "apiId": "/providers/Microsoft.PowerApps/apis/shared_twilio"
            },
            "parameters": {
              "sendMessageRequest/from": "+16012025315",
              "sendMessageRequest/to": "@outputs('Get_contact_details')?['body/mobilephone']",
              "sendMessageRequest/body": "@variables('Body2')"
            },
            "authentication": "@parameters('$authentication')"
          }
        },
        "Add_the_referral_link_to_the_body_(Body2)": {
          "runAfter": {
            "Prepare_message_body": [
              "Succeeded"
            ]
          },
          "type": "InitializeVariable",
          "inputs": {
            "variables": [
              {
                "name": "Body2",
                "type": "string",
                "value": "@{replace(variables('Body'), '{{refer}}', outputs('Get_case_(vaccine_candidate)_details')?['body/immu_registrationreferralurl'])}"
              }
            ]
          }
        }
      },
      "outputs": {}
    }
  },
  "schemaVersion": "1.0.0.0"
}